"variant","word","reference","cluster"
"public155","a",1,1
"public155","a_certain",1,1
"public155","a_few",1,1
"public155","a_great_many",1,1
"public155","a_little",1,1
"public155","all",1,1
"public155","another",1,1
"public155","any",1,1
"public155","anybody",1,1
"public155","anyone",1,1
"public155","anything",1,1
"public155","anywhere",1,1
"public155","both",1,1
"public155","certain",1,1
"public155","each",1,1
"public155","either",1,1
"public155","enough",1,1
"public155","every",1,1
"public155","everybody",1,1
"public155","everyone",1,1
"public155","everything",1,1
"public155","everywhere",1,1
"public155","few",1,1
"public155","fewer",1,1
"public155","fewest",1,1
"public155","little",1,1
"public155","less",1,1
"public155","least",1,1
"public155","many",1,1
"public155","many_a",1,1
"public155","more",1,1
"public155","most",1,1
"public155","much",1,1
"public155","neither",1,1
"public155","last",1,1
"public155","next",1,1
"public155","no",1,1
"public155","none",1,1
"public155","nobody",1,1
"public155","no_one",1,1
"public155","nothing",1,1
"public155","nowhere",1,1
"public155","one_det",1,1
"public155","two_det",1,1
"public155","three_det",1,1
"public155","once",1,1
"public155","twice",1,1
"public155","thrice",1,1
"public155","several",1,1
"public155","some",1,1
"public155","somebody",1,1
"public155","someone",1,1
"public155","something",1,1
"public155","somewhere",1,1
"public155","somewhat",1,1
"public155","such",1,1
"public155","sufficient",1,1
"public155","that",1,1
"public155","these",1,1
"public155","this",1,1
"public155","those",1,1
"public155","the",1,1
"public155","us_det",1,2
"public155","we_det",1,2
"public155","you_det",1,1
"public155","what_det",1,1
"public155","whatever_det",1,1
"public155","which_rel_det",1,1
"public155","which_int_det",1,1
"public155","whichever_rel_det",1,1
"public155","whichever_int_det",1,1
"public155","zero_det",1,1
"public155","various_det",1,1
"public155","each_other",2,1
"public155","one_another",2,1
"public155","he",2,2
"public155","him",2,2
"public155","himself",2,2
"public155","his",2,2
"public155","she",2,2
"public155","her_acc",2,2
"public155","her_dep",2,2
"public155","hers",2,2
"public155","herself",2,2
"public155","it_plain",2,2
"public155","it_dum",2,1
"public155","its",2,2
"public155","itself",2,2
"public155","I",2,2
"public155","me",2,2
"public155","mine",2,2
"public155","my",2,2
"public155","myself",2,2
"public155","one_pron",2,2
"public155","one_s",2,2
"public155","oneself",2,2
"public155","their_sing",2,2
"public155","theirs_sing",2,2
"public155","their_plur",2,2
"public155","theirs_plur",2,2
"public155","them_sing",2,2
"public155","them_plur",2,2
"public155","themself",2,2
"public155","themselves",2,2
"public155","they_sing",2,2
"public155","they_plur",2,2
"public155","we_pron",2,2
"public155","us_pron",2,2
"public155","our",2,2
"public155","ours",2,2
"public155","ourselves",2,2
"public155","what_pron",2,1
"public155","whatever_pron",2,1
"public155","which_rel_pron",2,1
"public155","who_int",2,2
"public155","who_rel",2,2
"public155","whom_int",2,2
"public155","whom_rel",2,2
"public155","whose_int",2,2
"public155","whose_rel",2,2
"public155","whoever",2,2
"public155","whoever_s",2,2
"public155","whosever",2,2
"public155","whosoever",2,2
"public155","whosoever_s",2,2
"public155","you_pron_sing",2,2
"public155","you_pron_plur",2,2
"public155","your_sing",2,2
"public155","yours_sing",2,2
"public155","your_plur",2,2
"public155","yours_plur",2,2
"public155","yourself",2,2
"public155","yourselves",2,2
"public155","today",2,1
"public155","tomorrow",2,1
"public155","tonight",2,1
"public155","yesterday",2,1
"public155","there",2,1
"appendix154","a",1,1
"appendix154","a_certain",1,1
"appendix154","a_few",1,1
"appendix154","a_great_many",1,1
"appendix154","a_little",1,1
"appendix154","all",1,1
"appendix154","another",1,1
"appendix154","any",1,1
"appendix154","anybody",1,1
"appendix154","anyone",1,1
"appendix154","anything",1,1
"appendix154","anywhere",1,1
"appendix154","both",1,1
"appendix154","certain",1,1
"appendix154","each",1,1
"appendix154","either",1,1
"appendix154","enough",1,1
"appendix154","every",1,1
"appendix154","everybody",1,1
"appendix154","everyone",1,1
"appendix154","everything",1,1
"appendix154","everywhere",1,1
"appendix154","few",1,1
"appendix154","fewer",1,1
"appendix154","fewest",1,1
"appendix154","little",1,1
"appendix154","less",1,1
"appendix154","least",1,1
"appendix154","many",1,1
"appendix154","many_a",1,1
"appendix154","more",1,1
"appendix154","most",1,1
"appendix154","much",1,1
"appendix154","neither",1,1
"appendix154","last",1,1
"appendix154","next",1,1
"appendix154","no",1,1
"appendix154","none",1,1
"appendix154","nobody",1,1
"appendix154","no_one",1,1
"appendix154","nothing",1,1
"appendix154","nowhere",1,1
"appendix154","one_det",1,1
"appendix154","two_det",1,1
"appendix154","three_det",1,1
"appendix154","once",1,1
"appendix154","twice",1,1
"appendix154","thrice",1,1
"appendix154","several",1,1
"appendix154","some",1,1
"appendix154","somebody",1,1
"appendix154","someone",1,1
"appendix154","something",1,1
"appendix154","somewhere",1,1
"appendix154","somewhat",1,1
"appendix154","such",1,1
"appendix154","sufficient",1,1
"appendix154","that",1,1
"appendix154","these",1,1
"appendix154","this",1,1
"appendix154","those",1,1
"appendix154","the",1,1
"appendix154","us_det",1,2
"appendix154","we_det",1,2
"appendix154","you_det",1,1
"appendix154","what_det",1,1
"appendix154","whatever_det",1,1
"appendix154","which_rel_det",1,1
"appendix154","which_int_det",1,1
"appendix154","whichever_rel_det",1,1
"appendix154","whichever_int_det",1,1
"appendix154","zero_det",1,1
"appendix154","various_det",1,1
"appendix154","each_other",2,1
"appendix154","one_another",2,1
"appendix154","he",2,2
"appendix154","him",2,2
"appendix154","himself",2,2
"appendix154","his",2,2
"appendix154","she",2,2
"appendix154","her_acc",2,2
"appendix154","her_dep",2,2
"appendix154","hers",2,2
"appendix154","herself",2,2
"appendix154","it_plain",2,2
"appendix154","it_dum",2,1
"appendix154","its",2,2
"appendix154","itself",2,2
"appendix154","I",2,2
"appendix154","me",2,2
"appendix154","mine",2,2
"appendix154","my",2,2
"appendix154","myself",2,2
"appendix154","one_pron",2,2
"appendix154","one_s",2,2
"appendix154","oneself",2,2
"appendix154","their_sing",2,2
"appendix154","theirs_sing",2,2
"appendix154","their_plur",2,2
"appendix154","theirs_plur",2,2
"appendix154","them_sing",2,2
"appendix154","them_plur",2,2
"appendix154","themself",2,2
"appendix154","themselves",2,2
"appendix154","they_sing",2,2
"appendix154","they_plur",2,2
"appendix154","we_pron",2,2
"appendix154","us_pron",2,2
"appendix154","our",2,2
"appendix154","ours",2,2
"appendix154","ourselves",2,2
"appendix154","what_pron",2,1
"appendix154","whatever_pron",2,1
"appendix154","which_rel_pron",2,1
"appendix154","who_int",2,2
"appendix154","who_rel",2,2
"appendix154","whom_int",2,2
"appendix154","whom_rel",2,2
"appendix154","whose_int",2,2
"appendix154","whose_rel",2,2
"appendix154","whoever",2,2
"appendix154","whoever_s",2,2
"appendix154","whosever",2,2
"appendix154","whosoever",2,2
"appendix154","whosoever_s",2,2
"appendix154","you_pron_sing",2,2
"appendix154","you_pron_plur",2,2
"appendix154","your_sing",2,2
"appendix154","yours_sing",2,2
"appendix154","your_plur",2,2
"appendix154","yours_plur",2,2
"appendix154","yourself",2,2
"appendix154","yourselves",2,2
"appendix154","today",2,1
"appendix154","tomorrow",2,1
"appendix154","tonight",2,1
"appendix154","yesterday",2,1
"appendix154","there",2,1
"working232","a",1,1
"working232","a_certain",1,1
"working232","a_few",1,1
"working232","a_great_many",1,1
"working232","a_little",1,1
"working232","all",1,1
"working232","another",1,1
"working232","any",1,1
"working232","anybody",1,1
"working232","anyone",1,1
"working232","anything",1,1
"working232","anywhere",1,1
"working232","both",1,1
"working232","certain",1,1
"working232","each",1,1
"working232","either",1,1
"working232","enough",1,1
"working232","every",1,1
"working232","everybody",1,1
"working232","everyone",1,1
"working232","everything",1,1
"working232","everywhere",1,1
"working232","few",1,1
"working232","fewer",1,1
"working232","fewest",1,1
"working232","little",1,1
"working232","less",1,1
"working232","least",1,1
"working232","many",1,1
"working232","many_a",1,1
"working232","more",1,1
"working232","most",1,1
"working232","much",1,1
"working232","neither",1,1
"working232","last",1,1
"working232","next",1,1
"working232","no",1,1
"working232","none",1,1
"working232","nobody",1,1
"working232","no_one",1,1
"working232","nothing",1,1
"working232","nowhere",1,1
"working232","one_det",1,1
"working232","two_det",1,1
"working232","three_det",1,1
"working232","once",1,1
"working232","twice",1,1
"working232","thrice",1,1
"working232","several",1,1
"working232","some",1,1
"working232","somebody",1,1
"working232","someone",1,1
"working232","something",1,1
"working232","somewhere",1,1
"working232","somewhat",1,1
"working232","such",1,1
"working232","sufficient",1,1
"working232","that",1,1
"working232","these",1,1
"working232","this",1,1
"working232","those",1,1
"working232","the",1,1
"working232","us_det",1,2
"working232","we_det",1,2
"working232","you_det",1,1
"working232","what_det",1,1
"working232","whatever_det",1,1
"working232","which_rel_det",1,1
"working232","which_int_det",1,1
"working232","whichever_rel_det",1,1
"working232","whichever_int_det",1,1
"working232","zero_det",1,1
"working232","various_det",1,1
"working232","each_other",2,1
"working232","one_another",2,1
"working232","he",2,2
"working232","him",2,2
"working232","himself",2,2
"working232","his",2,2
"working232","she",2,2
"working232","her_acc",2,2
"working232","her_dep",2,2
"working232","hers",2,2
"working232","herself",2,2
"working232","it_plain",2,2
"working232","it_dum",2,1
"working232","its",2,2
"working232","itself",2,2
"working232","I",2,2
"working232","me",2,2
"working232","mine",2,2
"working232","my",2,2
"working232","myself",2,2
"working232","one_pron",2,2
"working232","one_s",2,2
"working232","oneself",2,2
"working232","their_sing",2,2
"working232","theirs_sing",2,2
"working232","their_plur",2,2
"working232","theirs_plur",2,2
"working232","them_sing",2,2
"working232","them_plur",2,2
"working232","themself",2,2
"working232","themselves",2,2
"working232","they_sing",2,2
"working232","they_plur",2,2
"working232","we_pron",2,2
"working232","us_pron",2,2
"working232","our",2,2
"working232","ours",2,2
"working232","ourselves",2,2
"working232","what_pron",2,1
"working232","whatever_pron",2,1
"working232","which_rel_pron",2,1
"working232","who_int",2,2
"working232","who_rel",2,2
"working232","whom_int",2,2
"working232","whom_rel",2,2
"working232","whose_int",2,2
"working232","whose_rel",2,2
"working232","whoever",2,2
"working232","whoever_s",2,2
"working232","whosever",2,2
"working232","whosoever",2,2
"working232","whosoever_s",2,2
"working232","you_pron_sing",2,2
"working232","you_pron_plur",2,2
"working232","your_sing",2,2
"working232","yours_sing",2,2
"working232","your_plur",2,2
"working232","yours_plur",2,2
"working232","yourself",2,2
"working232","yourselves",2,2
"working232","today",2,1
"working232","tomorrow",2,1
"working232","tonight",2,1
"working232","yesterday",2,1
"working232","there",2,1
"working_appendix231","a",1,1
"working_appendix231","a_certain",1,1
"working_appendix231","a_few",1,1
"working_appendix231","a_great_many",1,1
"working_appendix231","a_little",1,1
"working_appendix231","all",1,1
"working_appendix231","another",1,1
"working_appendix231","any",1,1
"working_appendix231","anybody",1,1
"working_appendix231","anyone",1,1
"working_appendix231","anything",1,1
"working_appendix231","anywhere",1,1
"working_appendix231","both",1,1
"working_appendix231","certain",1,1
"working_appendix231","each",1,1
"working_appendix231","either",1,1
"working_appendix231","enough",1,1
"working_appendix231","every",1,1
"working_appendix231","everybody",1,1
"working_appendix231","everyone",1,1
"working_appendix231","everything",1,1
"working_appendix231","everywhere",1,1
"working_appendix231","few",1,1
"working_appendix231","fewer",1,1
"working_appendix231","fewest",1,1
"working_appendix231","little",1,1
"working_appendix231","less",1,1
"working_appendix231","least",1,1
"working_appendix231","many",1,1
"working_appendix231","many_a",1,1
"working_appendix231","more",1,1
"working_appendix231","most",1,1
"working_appendix231","much",1,1
"working_appendix231","neither",1,1
"working_appendix231","last",1,1
"working_appendix231","next",1,1
"working_appendix231","no",1,1
"working_appendix231","none",1,1
"working_appendix231","nobody",1,1
"working_appendix231","no_one",1,1
"working_appendix231","nothing",1,1
"working_appendix231","nowhere",1,1
"working_appendix231","one_det",1,1
"working_appendix231","two_det",1,1
"working_appendix231","three_det",1,1
"working_appendix231","once",1,1
"working_appendix231","twice",1,1
"working_appendix231","thrice",1,1
"working_appendix231","several",1,1
"working_appendix231","some",1,1
"working_appendix231","somebody",1,1
"working_appendix231","someone",1,1
"working_appendix231","something",1,1
"working_appendix231","somewhere",1,1
"working_appendix231","somewhat",1,1
"working_appendix231","such",1,1
"working_appendix231","sufficient",1,1
"working_appendix231","that",1,1
"working_appendix231","these",1,1
"working_appendix231","this",1,1
"working_appendix231","those",1,1
"working_appendix231","the",1,1
"working_appendix231","us_det",1,2
"working_appendix231","we_det",1,2
"working_appendix231","you_det",1,1
"working_appendix231","what_det",1,1
"working_appendix231","whatever_det",1,1
"working_appendix231","which_rel_det",1,1
"working_appendix231","which_int_det",1,1
"working_appendix231","whichever_rel_det",1,1
"working_appendix231","whichever_int_det",1,1
"working_appendix231","zero_det",1,1
"working_appendix231","various_det",1,1
"working_appendix231","each_other",2,1
"working_appendix231","one_another",2,1
"working_appendix231","he",2,2
"working_appendix231","him",2,2
"working_appendix231","himself",2,2
"working_appendix231","his",2,2
"working_appendix231","she",2,2
"working_appendix231","her_acc",2,2
"working_appendix231","her_dep",2,2
"working_appendix231","hers",2,2
"working_appendix231","herself",2,2
"working_appendix231","it_plain",2,2
"working_appendix231","it_dum",2,1
"working_appendix231","its",2,2
"working_appendix231","itself",2,2
"working_appendix231","I",2,2
"working_appendix231","me",2,2
"working_appendix231","mine",2,2
"working_appendix231","my",2,2
"working_appendix231","myself",2,2
"working_appendix231","one_pron",2,2
"working_appendix231","one_s",2,2
"working_appendix231","oneself",2,2
"working_appendix231","their_sing",2,2
"working_appendix231","theirs_sing",2,2
"working_appendix231","their_plur",2,2
"working_appendix231","theirs_plur",2,2
"working_appendix231","them_sing",2,2
"working_appendix231","them_plur",2,2
"working_appendix231","themself",2,2
"working_appendix231","themselves",2,2
"working_appendix231","they_sing",2,2
"working_appendix231","they_plur",2,2
"working_appendix231","we_pron",2,2
"working_appendix231","us_pron",2,2
"working_appendix231","our",2,2
"working_appendix231","ours",2,2
"working_appendix231","ourselves",2,2
"working_appendix231","what_pron",2,1
"working_appendix231","whatever_pron",2,1
"working_appendix231","which_rel_pron",2,1
"working_appendix231","who_int",2,2
"working_appendix231","who_rel",2,2
"working_appendix231","whom_int",2,2
"working_appendix231","whom_rel",2,2
"working_appendix231","whose_int",2,2
"working_appendix231","whose_rel",2,2
"working_appendix231","whoever",2,2
"working_appendix231","whoever_s",2,2
"working_appendix231","whosever",2,2
"working_appendix231","whosoever",2,2
"working_appendix231","whosoever_s",2,2
"working_appendix231","you_pron_sing",2,2
"working_appendix231","you_pron_plur",2,2
"working_appendix231","your_sing",2,2
"working_appendix231","yours_sing",2,2
"working_appendix231","your_plur",2,2
"working_appendix231","yours_plur",2,2
"working_appendix231","yourself",2,2
"working_appendix231","yourselves",2,2
"working_appendix231","today",2,1
"working_appendix231","tomorrow",2,1
"working_appendix231","tonight",2,1
"working_appendix231","yesterday",2,1
"working_appendix231","there",2,1
"no_word_component_columns","a",1,1
"no_word_component_columns","a_certain",1,1
"no_word_component_columns","a_few",1,1
"no_word_component_columns","a_great_many",1,1
"no_word_component_columns","a_little",1,1
"no_word_component_columns","all",1,1
"no_word_component_columns","another",1,1
"no_word_component_columns","any",1,1
"no_word_component_columns","anybody",1,1
"no_word_component_columns","anyone",1,1
"no_word_component_columns","anything",1,1
"no_word_component_columns","anywhere",1,1
"no_word_component_columns","both",1,1
"no_word_component_columns","certain",1,1
"no_word_component_columns","each",1,1
"no_word_component_columns","either",1,1
"no_word_component_columns","enough",1,1
"no_word_component_columns","every",1,1
"no_word_component_columns","everybody",1,1
"no_word_component_columns","everyone",1,1
"no_word_component_columns","everything",1,1
"no_word_component_columns","everywhere",1,1
"no_word_component_columns","few",1,1
"no_word_component_columns","fewer",1,1
"no_word_component_columns","fewest",1,1
"no_word_component_columns","little",1,1
"no_word_component_columns","less",1,1
"no_word_component_columns","least",1,1
"no_word_component_columns","many",1,1
"no_word_component_columns","many_a",1,1
"no_word_component_columns","more",1,1
"no_word_component_columns","most",1,1
"no_word_component_columns","much",1,1
"no_word_component_columns","neither",1,1
"no_word_component_columns","last",1,1
"no_word_component_columns","next",1,1
"no_word_component_columns","no",1,1
"no_word_component_columns","none",1,1
"no_word_component_columns","nobody",1,1
"no_word_component_columns","no_one",1,1
"no_word_component_columns","nothing",1,1
"no_word_component_columns","nowhere",1,1
"no_word_component_columns","one_det",1,1
"no_word_component_columns","two_det",1,1
"no_word_component_columns","three_det",1,1
"no_word_component_columns","once",1,1
"no_word_component_columns","twice",1,1
"no_word_component_columns","thrice",1,1
"no_word_component_columns","several",1,1
"no_word_component_columns","some",1,1
"no_word_component_columns","somebody",1,1
"no_word_component_columns","someone",1,1
"no_word_component_columns","something",1,1
"no_word_component_columns","somewhere",1,1
"no_word_component_columns","somewhat",1,1
"no_word_component_columns","such",1,1
"no_word_component_columns","sufficient",1,1
"no_word_component_columns","that",1,1
"no_word_component_columns","these",1,1
"no_word_component_columns","this",1,1
"no_word_component_columns","those",1,1
"no_word_component_columns","the",1,1
"no_word_component_columns","us_det",1,2
"no_word_component_columns","we_det",1,2
"no_word_component_columns","you_det",1,1
"no_word_component_columns","what_det",1,1
"no_word_component_columns","whatever_det",1,1
"no_word_component_columns","which_rel_det",1,1
"no_word_component_columns","which_int_det",1,1
"no_word_component_columns","whichever_rel_det",1,1
"no_word_component_columns","whichever_int_det",1,1
"no_word_component_columns","zero_det",1,1
"no_word_component_columns","various_det",1,1
"no_word_component_columns","each_other",2,2
"no_word_component_columns","one_another",2,2
"no_word_component_columns","he",2,2
"no_word_component_columns","him",2,2
"no_word_component_columns","himself",2,2
"no_word_component_columns","his",2,2
"no_word_component_columns","she",2,2
"no_word_component_columns","her_acc",2,2
"no_word_component_columns","her_dep",2,2
"no_word_component_columns","hers",2,2
"no_word_component_columns","herself",2,2
"no_word_component_columns","it_plain",2,2
"no_word_component_columns","it_dum",2,1
"no_word_component_columns","its",2,2
"no_word_component_columns","itself",2,2
"no_word_component_columns","I",2,2
"no_word_component_columns","me",2,2
"no_word_component_columns","mine",2,2
"no_word_component_columns","my",2,2
"no_word_component_columns","myself",2,2
"no_word_component_columns","one_pron",2,2
"no_word_component_columns","one_s",2,2
"no_word_component_columns","oneself",2,2
"no_word_component_columns","their_sing",2,2
"no_word_component_columns","theirs_sing",2,2
"no_word_component_columns","their_plur",2,2
"no_word_component_columns","theirs_plur",2,2
"no_word_component_columns","them_sing",2,2
"no_word_component_columns","them_plur",2,2
"no_word_component_columns","themself",2,2
"no_word_component_columns","themselves",2,2
"no_word_component_columns","they_sing",2,2
"no_word_component_columns","they_plur",2,2
"no_word_component_columns","we_pron",2,2
"no_word_component_columns","us_pron",2,2
"no_word_component_columns","our",2,2
"no_word_component_columns","ours",2,2
"no_word_component_columns","ourselves",2,2
"no_word_component_columns","what_pron",2,1
"no_word_component_columns","whatever_pron",2,1
"no_word_component_columns","which_rel_pron",2,1
"no_word_component_columns","who_int",2,2
"no_word_component_columns","who_rel",2,2
"no_word_component_columns","whom_int",2,2
"no_word_component_columns","whom_rel",2,2
"no_word_component_columns","whose_int",2,2
"no_word_component_columns","whose_rel",2,2
"no_word_component_columns","whoever",2,2
"no_word_component_columns","whoever_s",2,2
"no_word_component_columns","whosever",2,2
"no_word_component_columns","whosoever",2,2
"no_word_component_columns","whosoever_s",2,2
"no_word_component_columns","you_pron_sing",2,2
"no_word_component_columns","you_pron_plur",2,2
"no_word_component_columns","your_sing",2,2
"no_word_component_columns","yours_sing",2,2
"no_word_component_columns","your_plur",2,2
"no_word_component_columns","yours_plur",2,2
"no_word_component_columns","yourself",2,2
"no_word_component_columns","yourselves",2,2
"no_word_component_columns","today",2,2
"no_word_component_columns","tomorrow",2,2
"no_word_component_columns","tonight",2,2
"no_word_component_columns","yesterday",2,2
"no_word_component_columns","there",2,1
"syntax50","a",1,1
"syntax50","a_certain",1,1
"syntax50","a_few",1,1
"syntax50","a_great_many",1,1
"syntax50","a_little",1,1
"syntax50","all",1,1
"syntax50","another",1,1
"syntax50","any",1,1
"syntax50","anybody",1,1
"syntax50","anyone",1,1
"syntax50","anything",1,1
"syntax50","anywhere",1,1
"syntax50","both",1,1
"syntax50","certain",1,1
"syntax50","each",1,1
"syntax50","either",1,1
"syntax50","enough",1,1
"syntax50","every",1,1
"syntax50","everybody",1,1
"syntax50","everyone",1,1
"syntax50","everything",1,1
"syntax50","everywhere",1,1
"syntax50","few",1,1
"syntax50","fewer",1,1
"syntax50","fewest",1,1
"syntax50","little",1,1
"syntax50","less",1,1
"syntax50","least",1,1
"syntax50","many",1,1
"syntax50","many_a",1,1
"syntax50","more",1,1
"syntax50","most",1,1
"syntax50","much",1,1
"syntax50","neither",1,1
"syntax50","last",1,1
"syntax50","next",1,1
"syntax50","no",1,1
"syntax50","none",1,1
"syntax50","nobody",1,1
"syntax50","no_one",1,1
"syntax50","nothing",1,1
"syntax50","nowhere",1,1
"syntax50","one_det",1,1
"syntax50","two_det",1,1
"syntax50","three_det",1,1
"syntax50","once",1,1
"syntax50","twice",1,1
"syntax50","thrice",1,1
"syntax50","several",1,1
"syntax50","some",1,1
"syntax50","somebody",1,1
"syntax50","someone",1,1
"syntax50","something",1,1
"syntax50","somewhere",1,1
"syntax50","somewhat",1,1
"syntax50","such",1,1
"syntax50","sufficient",1,1
"syntax50","that",1,1
"syntax50","these",1,1
"syntax50","this",1,1
"syntax50","those",1,1
"syntax50","the",1,1
"syntax50","us_det",1,1
"syntax50","we_det",1,1
"syntax50","you_det",1,1
"syntax50","what_det",1,1
"syntax50","whatever_det",1,1
"syntax50","which_rel_det",1,1
"syntax50","which_int_det",1,1
"syntax50","whichever_rel_det",1,1
"syntax50","whichever_int_det",1,1
"syntax50","zero_det",1,1
"syntax50","various_det",1,1
"syntax50","each_other",2,2
"syntax50","one_another",2,2
"syntax50","he",2,2
"syntax50","him",2,2
"syntax50","himself",2,2
"syntax50","his",2,1
"syntax50","she",2,2
"syntax50","her_acc",2,2
"syntax50","her_dep",2,1
"syntax50","hers",2,2
"syntax50","herself",2,2
"syntax50","it_plain",2,2
"syntax50","it_dum",2,2
"syntax50","its",2,1
"syntax50","itself",2,2
"syntax50","I",2,2
"syntax50","me",2,2
"syntax50","mine",2,2
"syntax50","my",2,1
"syntax50","myself",2,2
"syntax50","one_pron",2,2
"syntax50","one_s",2,1
"syntax50","oneself",2,2
"syntax50","their_sing",2,1
"syntax50","theirs_sing",2,2
"syntax50","their_plur",2,1
"syntax50","theirs_plur",2,2
"syntax50","them_sing",2,2
"syntax50","them_plur",2,2
"syntax50","themself",2,2
"syntax50","themselves",2,2
"syntax50","they_sing",2,2
"syntax50","they_plur",2,2
"syntax50","we_pron",2,2
"syntax50","us_pron",2,2
"syntax50","our",2,1
"syntax50","ours",2,2
"syntax50","ourselves",2,2
"syntax50","what_pron",2,2
"syntax50","whatever_pron",2,2
"syntax50","which_rel_pron",2,1
"syntax50","who_int",2,2
"syntax50","who_rel",2,1
"syntax50","whom_int",2,2
"syntax50","whom_rel",2,1
"syntax50","whose_int",2,1
"syntax50","whose_rel",2,1
"syntax50","whoever",2,2
"syntax50","whoever_s",2,1
"syntax50","whosever",2,1
"syntax50","whosoever",2,2
"syntax50","whosoever_s",2,1
"syntax50","you_pron_sing",2,2
"syntax50","you_pron_plur",2,2
"syntax50","your_sing",2,1
"syntax50","yours_sing",2,2
"syntax50","your_plur",2,1
"syntax50","yours_plur",2,2
"syntax50","yourself",2,2
"syntax50","yourselves",2,2
"syntax50","today",2,2
"syntax50","tomorrow",2,2
"syntax50","tonight",2,2
"syntax50","yesterday",2,2
"syntax50","there",2,2
"syntax_without_four_analysis_labels","a",1,1
"syntax_without_four_analysis_labels","a_certain",1,1
"syntax_without_four_analysis_labels","a_few",1,1
"syntax_without_four_analysis_labels","a_great_many",1,1
"syntax_without_four_analysis_labels","a_little",1,1
"syntax_without_four_analysis_labels","all",1,1
"syntax_without_four_analysis_labels","another",1,1
"syntax_without_four_analysis_labels","any",1,1
"syntax_without_four_analysis_labels","anybody",1,2
"syntax_without_four_analysis_labels","anyone",1,2
"syntax_without_four_analysis_labels","anything",1,2
"syntax_without_four_analysis_labels","anywhere",1,2
"syntax_without_four_analysis_labels","both",1,1
"syntax_without_four_analysis_labels","certain",1,1
"syntax_without_four_analysis_labels","each",1,1
"syntax_without_four_analysis_labels","either",1,2
"syntax_without_four_analysis_labels","enough",1,1
"syntax_without_four_analysis_labels","every",1,1
"syntax_without_four_analysis_labels","everybody",1,2
"syntax_without_four_analysis_labels","everyone",1,2
"syntax_without_four_analysis_labels","everything",1,2
"syntax_without_four_analysis_labels","everywhere",1,2
"syntax_without_four_analysis_labels","few",1,1
"syntax_without_four_analysis_labels","fewer",1,1
"syntax_without_four_analysis_labels","fewest",1,1
"syntax_without_four_analysis_labels","little",1,1
"syntax_without_four_analysis_labels","less",1,1
"syntax_without_four_analysis_labels","least",1,1
"syntax_without_four_analysis_labels","many",1,1
"syntax_without_four_analysis_labels","many_a",1,1
"syntax_without_four_analysis_labels","more",1,1
"syntax_without_four_analysis_labels","most",1,1
"syntax_without_four_analysis_labels","much",1,1
"syntax_without_four_analysis_labels","neither",1,2
"syntax_without_four_analysis_labels","last",1,1
"syntax_without_four_analysis_labels","next",1,1
"syntax_without_four_analysis_labels","no",1,1
"syntax_without_four_analysis_labels","none",1,2
"syntax_without_four_analysis_labels","nobody",1,2
"syntax_without_four_analysis_labels","no_one",1,2
"syntax_without_four_analysis_labels","nothing",1,2
"syntax_without_four_analysis_labels","nowhere",1,2
"syntax_without_four_analysis_labels","one_det",1,1
"syntax_without_four_analysis_labels","two_det",1,1
"syntax_without_four_analysis_labels","three_det",1,1
"syntax_without_four_analysis_labels","once",1,2
"syntax_without_four_analysis_labels","twice",1,2
"syntax_without_four_analysis_labels","thrice",1,2
"syntax_without_four_analysis_labels","several",1,1
"syntax_without_four_analysis_labels","some",1,1
"syntax_without_four_analysis_labels","somebody",1,2
"syntax_without_four_analysis_labels","someone",1,2
"syntax_without_four_analysis_labels","something",1,2
"syntax_without_four_analysis_labels","somewhere",1,2
"syntax_without_four_analysis_labels","somewhat",1,2
"syntax_without_four_analysis_labels","such",1,1
"syntax_without_four_analysis_labels","sufficient",1,1
"syntax_without_four_analysis_labels","that",1,1
"syntax_without_four_analysis_labels","these",1,1
"syntax_without_four_analysis_labels","this",1,1
"syntax_without_four_analysis_labels","those",1,1
"syntax_without_four_analysis_labels","the",1,1
"syntax_without_four_analysis_labels","us_det",1,1
"syntax_without_four_analysis_labels","we_det",1,1
"syntax_without_four_analysis_labels","you_det",1,1
"syntax_without_four_analysis_labels","what_det",1,1
"syntax_without_four_analysis_labels","whatever_det",1,1
"syntax_without_four_analysis_labels","which_rel_det",1,1
"syntax_without_four_analysis_labels","which_int_det",1,1
"syntax_without_four_analysis_labels","whichever_rel_det",1,1
"syntax_without_four_analysis_labels","whichever_int_det",1,1
"syntax_without_four_analysis_labels","zero_det",1,1
"syntax_without_four_analysis_labels","various_det",1,1
"syntax_without_four_analysis_labels","each_other",2,2
"syntax_without_four_analysis_labels","one_another",2,2
"syntax_without_four_analysis_labels","he",2,2
"syntax_without_four_analysis_labels","him",2,2
"syntax_without_four_analysis_labels","himself",2,2
"syntax_without_four_analysis_labels","his",2,1
"syntax_without_four_analysis_labels","she",2,2
"syntax_without_four_analysis_labels","her_acc",2,2
"syntax_without_four_analysis_labels","her_dep",2,1
"syntax_without_four_analysis_labels","hers",2,2
"syntax_without_four_analysis_labels","herself",2,2
"syntax_without_four_analysis_labels","it_plain",2,2
"syntax_without_four_analysis_labels","it_dum",2,2
"syntax_without_four_analysis_labels","its",2,1
"syntax_without_four_analysis_labels","itself",2,2
"syntax_without_four_analysis_labels","I",2,2
"syntax_without_four_analysis_labels","me",2,2
"syntax_without_four_analysis_labels","mine",2,2
"syntax_without_four_analysis_labels","my",2,1
"syntax_without_four_analysis_labels","myself",2,2
"syntax_without_four_analysis_labels","one_pron",2,2
"syntax_without_four_analysis_labels","one_s",2,1
"syntax_without_four_analysis_labels","oneself",2,2
"syntax_without_four_analysis_labels","their_sing",2,1
"syntax_without_four_analysis_labels","theirs_sing",2,2
"syntax_without_four_analysis_labels","their_plur",2,1
"syntax_without_four_analysis_labels","theirs_plur",2,2
"syntax_without_four_analysis_labels","them_sing",2,2
"syntax_without_four_analysis_labels","them_plur",2,2
"syntax_without_four_analysis_labels","themself",2,2
"syntax_without_four_analysis_labels","themselves",2,2
"syntax_without_four_analysis_labels","they_sing",2,2
"syntax_without_four_analysis_labels","they_plur",2,2
"syntax_without_four_analysis_labels","we_pron",2,2
"syntax_without_four_analysis_labels","us_pron",2,2
"syntax_without_four_analysis_labels","our",2,1
"syntax_without_four_analysis_labels","ours",2,2
"syntax_without_four_analysis_labels","ourselves",2,2
"syntax_without_four_analysis_labels","what_pron",2,2
"syntax_without_four_analysis_labels","whatever_pron",2,2
"syntax_without_four_analysis_labels","which_rel_pron",2,1
"syntax_without_four_analysis_labels","who_int",2,2
"syntax_without_four_analysis_labels","who_rel",2,1
"syntax_without_four_analysis_labels","whom_int",2,2
"syntax_without_four_analysis_labels","whom_rel",2,1
"syntax_without_four_analysis_labels","whose_int",2,1
"syntax_without_four_analysis_labels","whose_rel",2,1
"syntax_without_four_analysis_labels","whoever",2,2
"syntax_without_four_analysis_labels","whoever_s",2,1
"syntax_without_four_analysis_labels","whosever",2,1
"syntax_without_four_analysis_labels","whosoever",2,2
"syntax_without_four_analysis_labels","whosoever_s",2,1
"syntax_without_four_analysis_labels","you_pron_sing",2,2
"syntax_without_four_analysis_labels","you_pron_plur",2,2
"syntax_without_four_analysis_labels","your_sing",2,1
"syntax_without_four_analysis_labels","yours_sing",2,2
"syntax_without_four_analysis_labels","your_plur",2,1
"syntax_without_four_analysis_labels","yours_plur",2,2
"syntax_without_four_analysis_labels","yourself",2,2
"syntax_without_four_analysis_labels","yourselves",2,2
"syntax_without_four_analysis_labels","today",2,2
"syntax_without_four_analysis_labels","tomorrow",2,2
"syntax_without_four_analysis_labels","tonight",2,2
"syntax_without_four_analysis_labels","yesterday",2,2
"syntax_without_four_analysis_labels","there",2,2
