"variant","features","seed","matched","total","objective","iterations"
"public155",155,1,115,138,356.605511866348,3
"public155",155,2,132,138,354.57214653969,3
"public155",155,3,131,138,354.505346659994,5
"public155",155,4,131,138,354.505346659994,4
"public155",155,5,128,138,354.655147185894,4
"public155",155,6,125,138,354.973993227219,4
"public155",155,7,130,138,354.495920040491,4
"public155",155,8,130,138,354.495920040492,3
"public155",155,9,121,138,354.785144072684,3
"public155",155,10,130,138,354.495920040491,3
"public155",155,11,126,138,354.834280404031,3
"public155",155,12,132,138,354.57214653969,4
"public155",155,13,132,138,354.57214653969,5
"public155",155,14,126,138,354.5673422335,3
"public155",155,15,90,138,368.770955334808,5
"public155",155,16,125,138,354.97399322722,3
"public155",155,17,125,138,354.462265327234,3
"public155",155,18,128,138,354.52392423061,3
"public155",155,19,130,138,354.495920040491,3
"public155",155,20,127,138,354.867330927338,3
"public155",155,21,132,138,354.57214653969,5
"public155",155,22,109,138,356.420253956271,4
"public155",155,23,132,138,354.57214653969,5
"public155",155,24,129,138,354.5224558032,4
"public155",155,25,131,138,354.505346659994,4
"public155",155,26,122,138,354.723028809927,4
"public155",155,27,125,138,354.97399322722,3
"public155",155,28,128,138,354.652757552457,3
"public155",155,29,109,138,356.420253956271,4
"public155",155,30,132,138,354.57214653969,4
"public155",155,31,111,138,356.669737281627,6
"public155",155,32,125,138,354.949304729516,3
"public155",155,33,124,138,354.784330045057,3
"public155",155,34,129,138,354.674121476138,3
"public155",155,35,132,138,354.572146539691,5
"public155",155,36,124,138,354.944230894686,3
"public155",155,37,122,138,354.723028809927,4
"public155",155,38,128,138,354.52392423061,3
"public155",155,39,127,138,354.867330927338,4
"public155",155,40,130,138,354.495920040491,4
"public155",155,41,125,138,354.973993227219,3
"public155",155,42,121,138,354.785144072684,3
"public155",155,43,128,138,354.52392423061,4
"public155",155,44,121,138,354.785144072685,4
"public155",155,45,127,138,354.867330927338,4
"public155",155,46,125,138,354.973993227219,3
"public155",155,47,131,138,354.505346659993,5
"public155",155,48,127,138,354.867330927337,3
"public155",155,49,132,138,354.572146539691,3
"public155",155,50,127,138,354.88393444105,3
"public155",155,51,127,138,354.867330927338,3
"public155",155,52,129,138,354.545615261293,3
"public155",155,53,131,138,354.505346659994,5
"public155",155,54,129,138,354.545615261293,3
"public155",155,55,128,138,354.606818048814,3
"public155",155,56,128,138,354.655147185895,3
"public155",155,57,124,138,354.944230894686,3
"public155",155,58,121,138,354.785144072684,4
"public155",155,59,132,138,354.57214653969,4
"public155",155,60,125,138,354.97399322722,4
"public155",155,61,115,138,356.206425300316,3
"public155",155,62,124,138,354.784330045057,3
"public155",155,63,128,138,354.655147185894,4
"public155",155,64,128,138,354.523924230611,4
"public155",155,65,131,138,354.505346659994,4
"public155",155,66,120,138,356.38131487004,5
"public155",155,67,124,138,354.46275688158,3
"public155",155,68,120,138,356.381314870041,5
"public155",155,69,123,138,354.523156658496,3
"public155",155,70,132,138,354.57214653969,5
"public155",155,71,129,138,354.674121476138,4
"public155",155,72,131,138,354.552810509314,3
"public155",155,73,131,138,354.505346659994,2
"public155",155,74,124,138,354.46275688158,2
"public155",155,75,132,138,354.572146539691,5
"public155",155,76,129,138,354.545615261293,3
"public155",155,77,128,138,354.655147185894,3
"public155",155,78,128,138,354.52392423061,4
"public155",155,79,131,138,354.505346659994,6
"public155",155,80,132,138,354.57214653969,5
"public155",155,81,129,138,354.5224558032,3
"public155",155,82,126,138,354.886444467416,3
"public155",155,83,131,138,354.505346659994,4
"public155",155,84,124,138,354.514473173926,3
"public155",155,85,131,138,354.505346659994,4
"public155",155,86,125,138,354.973993227219,4
"public155",155,87,132,138,354.572146539691,4
"public155",155,88,131,138,354.552810509315,3
"public155",155,89,129,138,354.674121476138,3
"public155",155,90,132,138,354.57214653969,5
"public155",155,91,132,138,354.572146539691,7
"public155",155,92,75,138,370.286911024774,3
"public155",155,93,107,138,356.664395632585,3
"public155",155,94,121,138,354.785144072685,4
"public155",155,95,130,138,354.495920040491,3
"public155",155,96,126,138,354.717453270489,3
"public155",155,97,131,138,354.505346659994,3
"public155",155,98,124,138,354.514473173926,3
"public155",155,99,125,138,354.973993227219,3
"public155",155,100,131,138,354.505346659994,5
"appendix154",154,1,115,138,355.909464549417,3
"appendix154",154,2,132,138,353.855681788094,3
"appendix154",154,3,132,138,353.855681788095,5
"appendix154",154,4,131,138,353.788411329525,4
"appendix154",154,5,128,138,353.939057016769,4
"appendix154",154,6,125,138,354.277489210046,4
"appendix154",154,7,130,138,353.779257865159,4
"appendix154",154,8,130,138,353.779257865159,3
"appendix154",154,9,121,138,354.083397713576,3
"appendix154",154,10,130,138,353.779257865159,3
"appendix154",154,11,126,138,354.117672880972,3
"appendix154",154,12,129,138,353.958546061745,3
"appendix154",154,13,132,138,353.855681788095,5
"appendix154",154,14,126,138,353.866690246237,3
"appendix154",154,15,90,138,368.067774624727,5
"appendix154",154,16,125,138,354.277489210046,3
"appendix154",154,17,125,138,353.759748007252,3
"appendix154",154,18,128,138,353.82483801972,3
"appendix154",154,19,130,138,353.779257865159,3
"appendix154",154,20,127,138,354.152294153539,3
"appendix154",154,21,132,138,353.855681788095,5
"appendix154",154,22,109,138,355.722036714924,4
"appendix154",154,23,132,138,353.855681788095,5
"appendix154",154,24,131,138,353.788411329525,4
"appendix154",154,25,131,138,353.788411329525,4
"appendix154",154,26,122,138,354.021654365683,4
"appendix154",154,27,125,138,354.277489210047,3
"appendix154",154,28,128,138,353.935626234807,3
"appendix154",154,29,109,138,355.722036714924,4
"appendix154",154,30,132,138,353.855681788094,4
"appendix154",154,31,111,138,355.972584145982,6
"appendix154",154,32,128,138,353.939057016769,3
"appendix154",154,33,124,138,354.084582784644,3
"appendix154",154,34,129,138,353.958546061744,3
"appendix154",154,35,132,138,353.855681788096,5
"appendix154",154,36,124,138,354.246618173283,3
"appendix154",154,37,122,138,354.021654365683,4
"appendix154",154,38,128,138,353.824838019721,3
"appendix154",154,39,127,138,354.152294153539,4
"appendix154",154,40,130,138,353.779257865159,4
"appendix154",154,41,125,138,354.277489210046,3
"appendix154",154,42,121,138,354.083397713576,3
"appendix154",154,43,124,138,353.760540226798,4
"appendix154",154,44,121,138,354.083397713576,4
"appendix154",154,45,127,138,354.15229415354,4
"appendix154",154,46,125,138,354.277489210046,3
"appendix154",154,47,131,138,353.788411329524,5
"appendix154",154,48,127,138,354.152294153538,3
"appendix154",154,49,132,138,353.855681788095,3
"appendix154",154,50,127,138,354.16779976817,3
"appendix154",154,51,127,138,354.152294153539,3
"appendix154",154,52,129,138,353.849124617471,3
"appendix154",154,53,131,138,353.788411329524,5
"appendix154",154,54,131,138,353.836632058737,3
"appendix154",154,55,128,138,353.906597240999,3
"appendix154",154,56,128,138,353.939057016769,3
"appendix154",154,57,124,138,354.246618173283,3
"appendix154",154,58,124,138,354.195220417272,4
"appendix154",154,59,132,138,353.855681788095,4
"appendix154",154,60,125,138,354.277489210046,4
"appendix154",154,61,115,138,355.507991086521,3
"appendix154",154,62,125,138,354.148257905943,3
"appendix154",154,63,128,138,353.939057016769,3
"appendix154",154,64,128,138,353.824838019721,4
"appendix154",154,65,131,138,353.788411329524,4
"appendix154",154,66,120,138,355.687145139587,5
"appendix154",154,67,124,138,353.760540226799,3
"appendix154",154,68,131,138,353.788411329525,8
"appendix154",154,69,123,138,353.820587430805,3
"appendix154",154,70,132,138,353.855681788095,5
"appendix154",154,71,129,138,353.958546061744,4
"appendix154",154,72,131,138,353.836632058737,3
"appendix154",154,73,131,138,353.788411329525,2
"appendix154",154,74,124,138,353.760540226799,2
"appendix154",154,75,132,138,353.855681788095,5
"appendix154",154,76,127,138,353.949195880232,2
"appendix154",154,77,130,138,353.779257865159,3
"appendix154",154,78,128,138,353.824838019721,4
"appendix154",154,79,131,138,353.788411329525,6
"appendix154",154,80,132,138,353.855681788095,5
"appendix154",154,81,129,138,353.823013374485,3
"appendix154",154,82,126,138,354.170868190966,3
"appendix154",154,83,131,138,353.788411329524,4
"appendix154",154,84,124,138,353.811611151373,3
"appendix154",154,85,131,138,353.788411329524,4
"appendix154",154,86,125,138,354.277489210046,4
"appendix154",154,87,132,138,353.855681788095,4
"appendix154",154,88,130,138,353.77925786516,3
"appendix154",154,89,129,138,353.958546061744,3
"appendix154",154,90,132,138,353.855681788095,5
"appendix154",154,91,132,138,353.855681788095,7
"appendix154",154,92,75,138,369.588622799819,3
"appendix154",154,93,107,138,355.966584026254,3
"appendix154",154,94,121,138,354.083397713577,4
"appendix154",154,95,130,138,353.779257865159,3
"appendix154",154,96,126,138,354.019337666534,3
"appendix154",154,97,131,138,353.788411329524,3
"appendix154",154,98,124,138,353.811611151373,3
"appendix154",154,99,125,138,354.277489210046,3
"appendix154",154,100,131,138,353.788411329525,5
"working232",232,1,115,138,364.634266943551,3
"working232",232,2,132,138,362.760643170267,3
"working232",232,3,132,138,362.760643170266,5
"working232",232,4,131,138,362.692410797385,4
"working232",232,5,114,138,364.773321134727,6
"working232",232,6,127,138,363.056480686387,4
"working232",232,7,130,138,362.683195198438,4
"working232",232,8,128,138,362.838764864535,3
"working232",232,9,121,138,362.926804511969,3
"working232",232,10,130,138,362.683195198437,3
"working232",232,11,121,138,362.926804511968,3
"working232",232,12,132,138,362.760643170267,5
"working232",232,13,132,138,362.760643170267,5
"working232",232,14,126,138,362.720313953768,3
"working232",232,15,90,138,376.588927894007,5
"working232",232,16,125,138,363.151360831436,4
"working232",232,17,125,138,362.610401364631,3
"working232",232,18,124,138,362.658103844424,2
"working232",232,19,130,138,362.683195198438,3
"working232",232,20,127,138,363.056480686387,3
"working232",232,21,132,138,362.760643170267,5
"working232",232,22,109,138,364.352569724149,4
"working232",232,23,132,138,362.760643170267,5
"working232",232,24,129,138,362.69773877692,4
"working232",232,25,130,138,362.683195198438,4
"working232",232,26,121,138,362.926804511968,4
"working232",232,27,125,138,363.151360831437,3
"working232",232,28,126,138,362.994339764949,3
"working232",232,29,110,138,364.322354279937,4
"working232",232,30,132,138,362.760643170267,4
"working232",232,31,110,138,364.770759557231,5
"working232",232,32,128,138,362.980779749673,3
"working232",232,33,124,138,362.934268106985,4
"working232",232,34,128,138,362.941199759914,3
"working232",232,35,132,138,362.760643170268,5
"working232",232,36,116,138,364.742967085495,3
"working232",232,37,124,138,362.611768263478,3
"working232",232,38,128,138,362.699290250904,3
"working232",232,39,127,138,363.056480686387,4
"working232",232,40,130,138,362.683195198438,4
"working232",232,41,125,138,363.151360831435,3
"working232",232,42,121,138,362.926804511968,3
"working232",232,43,128,138,362.699290250904,4
"working232",232,44,121,138,362.926804511968,4
"working232",232,45,127,138,363.056480686387,4
"working232",232,46,125,138,363.151360831436,3
"working232",232,47,125,138,362.610401364631,4
"working232",232,48,126,138,363.135227074521,3
"working232",232,49,132,138,362.760643170268,3
"working232",232,50,127,138,363.045849673878,3
"working232",232,51,126,138,363.135227074521,3
"working232",232,52,128,138,362.838764864534,3
"working232",232,53,131,138,362.692410797386,5
"working232",232,54,129,138,362.724942060865,3
"working232",232,55,124,138,362.658103844425,2
"working232",232,56,128,138,362.838764864534,3
"working232",232,57,124,138,363.119236033231,3
"working232",232,58,112,138,364.631527019648,5
"working232",232,59,132,138,362.760643170267,4
"working232",232,60,125,138,363.151360831435,4
"working232",232,61,130,138,362.683195198437,3
"working232",232,62,124,138,362.934268106985,3
"working232",232,63,128,138,362.838764864535,3
"working232",232,64,128,138,362.699290250904,4
"working232",232,65,131,138,362.692410797386,3
"working232",232,66,125,138,363.151360831435,4
"working232",232,67,124,138,362.611768263478,3
"working232",232,68,114,138,364.762090186345,4
"working232",232,69,126,138,362.720313953768,4
"working232",232,70,132,138,362.760643170267,5
"working232",232,71,129,138,362.859854103496,4
"working232",232,72,131,138,362.741639502013,3
"working232",232,73,131,138,362.692410797385,2
"working232",232,74,124,138,362.611768263478,2
"working232",232,75,132,138,362.760643170267,6
"working232",232,76,126,138,362.720313953768,3
"working232",232,77,128,138,362.838764864534,3
"working232",232,78,128,138,362.699290250903,4
"working232",232,79,130,138,362.683195198437,5
"working232",232,80,132,138,362.760643170267,6
"working232",232,81,129,138,362.697738776919,3
"working232",232,82,126,138,363.072823046091,3
"working232",232,83,131,138,362.692410797385,4
"working232",232,84,124,138,362.658103844424,3
"working232",232,85,101,138,373.680578357801,8
"working232",232,86,125,138,363.151360831435,4
"working232",232,87,132,138,362.760643170267,4
"working232",232,88,131,138,362.692410797386,3
"working232",232,89,129,138,362.859854103496,3
"working232",232,90,132,138,362.760643170267,5
"working232",232,91,132,138,362.760643170267,7
"working232",232,92,131,138,362.692410797387,8
"working232",232,93,107,138,364.594066928545,4
"working232",232,94,121,138,362.926804511968,4
"working232",232,95,130,138,362.683195198438,3
"working232",232,96,115,138,364.649027291239,3
"working232",232,97,131,138,362.692410797385,3
"working232",232,98,112,138,364.126686523823,3
"working232",232,99,125,138,363.151360831435,3
"working232",232,100,131,138,362.692410797386,5
"working_appendix231",231,1,115,138,363.955722265215,3
"working_appendix231",231,2,132,138,362.06247835428,3
"working_appendix231",231,3,132,138,362.062478354279,5
"working_appendix231",231,4,131,138,361.993669954502,3
"working_appendix231",231,5,114,138,364.096362039033,6
"working_appendix231",231,6,125,138,362.472543794835,4
"working_appendix231",231,7,130,138,361.984826993441,4
"working_appendix231",231,8,128,138,362.140925396649,3
"working_appendix231",231,9,121,138,362.242719314611,3
"working_appendix231",231,10,130,138,361.98482699344,3
"working_appendix231",231,11,126,138,362.295974377586,3
"working_appendix231",231,12,132,138,362.06247835428,5
"working_appendix231",231,13,132,138,362.06247835428,5
"working_appendix231",231,14,126,138,362.037400652946,3
"working_appendix231",231,15,90,138,375.902594059221,5
"working_appendix231",231,16,125,138,362.472543794836,3
"working_appendix231",231,17,125,138,361.925607784276,3
"working_appendix231",231,18,124,138,361.972841471904,2
"working_appendix231",231,19,130,138,361.98482699344,3
"working_appendix231",231,20,127,138,362.359787184087,3
"working_appendix231",231,21,132,138,362.06247835428,5
"working_appendix231",231,22,109,138,363.671980671968,4
"working_appendix231",231,23,132,138,362.062478354281,5
"working_appendix231",231,24,129,138,362.015812655678,4
"working_appendix231",231,25,130,138,361.984826993441,4
"working_appendix231",231,26,121,138,362.24271931461,4
"working_appendix231",231,27,125,138,362.472543794837,3
"working_appendix231",231,28,127,138,362.191177565856,3
"working_appendix231",231,29,109,138,363.671980671969,4
"working_appendix231",231,30,127,138,362.359787184087,3
"working_appendix231",231,31,110,138,364.090873642711,5
"working_appendix231",231,32,128,138,362.302212940336,3
"working_appendix231",231,33,124,138,362.25219466869,4
"working_appendix231",231,34,129,138,362.162641435147,3
"working_appendix231",231,35,132,138,362.062478354281,4
"working_appendix231",231,36,116,138,364.066981280761,3
"working_appendix231",231,37,124,138,361.927402726752,3
"working_appendix231",231,38,128,138,362.017851649053,3
"working_appendix231",231,39,127,138,362.359787184087,4
"working_appendix231",231,40,130,138,361.984826993441,4
"working_appendix231",231,41,131,138,361.993669954502,6
"working_appendix231",231,42,121,138,362.24271931461,3
"working_appendix231",231,43,124,138,361.927402726752,4
"working_appendix231",231,44,121,138,362.24271931461,4
"working_appendix231",231,45,127,138,362.359787184088,4
"working_appendix231",231,46,125,138,362.472543794837,3
"working_appendix231",231,47,125,138,361.925607784276,4
"working_appendix231",231,48,127,138,362.359787184087,3
"working_appendix231",231,49,132,138,362.06247835428,3
"working_appendix231",231,50,127,138,362.348066895759,3
"working_appendix231",231,51,127,138,362.359787184087,3
"working_appendix231",231,52,128,138,362.140925396649,3
"working_appendix231",231,53,131,138,361.993669954503,5
"working_appendix231",231,54,131,138,362.04386423426,3
"working_appendix231",231,55,124,138,361.972841471905,2
"working_appendix231",231,56,128,138,362.140925396649,3
"working_appendix231",231,57,124,138,362.439189924666,3
"working_appendix231",231,58,112,138,363.94939925156,5
"working_appendix231",231,59,132,138,362.06247835428,4
"working_appendix231",231,60,125,138,362.472543794836,4
"working_appendix231",231,61,130,138,361.984826993441,3
"working_appendix231",231,62,124,138,362.25219466869,3
"working_appendix231",231,63,128,138,362.140925396649,3
"working_appendix231",231,64,128,138,362.017851649054,4
"working_appendix231",231,65,131,138,361.993669954503,3
"working_appendix231",231,66,125,138,362.472543794836,4
"working_appendix231",231,67,124,138,361.927402726752,3
"working_appendix231",231,68,114,138,364.086746587194,4
"working_appendix231",231,69,126,138,362.037400652947,4
"working_appendix231",231,70,132,138,362.06247835428,5
"working_appendix231",231,71,129,138,362.162641435148,4
"working_appendix231",231,72,131,138,362.043864234259,3
"working_appendix231",231,73,131,138,361.993669954502,2
"working_appendix231",231,74,124,138,361.927402726752,2
"working_appendix231",231,75,132,138,362.06247835428,5
"working_appendix231",231,76,126,138,362.037400652946,3
"working_appendix231",231,77,128,138,362.140925396648,3
"working_appendix231",231,78,128,138,362.017851649053,4
"working_appendix231",231,79,107,138,363.913874901882,6
"working_appendix231",231,80,132,138,362.06247835428,6
"working_appendix231",231,81,129,138,362.015812655678,3
"working_appendix231",231,82,128,138,362.116936601823,3
"working_appendix231",231,83,131,138,361.993669954502,4
"working_appendix231",231,84,124,138,361.972841471904,3
"working_appendix231",231,85,101,138,373.001729348872,8
"working_appendix231",231,86,125,138,362.472543794836,4
"working_appendix231",231,87,132,138,362.06247835428,4
"working_appendix231",231,88,130,138,361.984826993441,3
"working_appendix231",231,89,129,138,362.162641435148,3
"working_appendix231",231,90,132,138,362.06247835428,5
"working_appendix231",231,91,132,138,362.06247835428,7
"working_appendix231",231,92,131,138,361.993669954504,8
"working_appendix231",231,93,107,138,363.913874901884,4
"working_appendix231",231,94,121,138,362.24271931461,4
"working_appendix231",231,95,130,138,361.984826993441,3
"working_appendix231",231,96,115,138,363.97206254216,3
"working_appendix231",231,97,131,138,361.993669954502,3
"working_appendix231",231,98,112,138,363.444958587706,3
"working_appendix231",231,99,125,138,362.472543794836,3
"working_appendix231",231,100,131,138,361.993669954502,5
"no_word_component_columns",105,1,126,138,336.784812837649,3
"no_word_component_columns",105,2,131,138,336.433310928443,4
"no_word_component_columns",105,3,131,138,336.433310928444,5
"no_word_component_columns",105,4,131,138,336.433310928443,4
"no_word_component_columns",105,5,124,138,336.786725317699,3
"no_word_component_columns",105,6,125,138,337.00300504021,4
"no_word_component_columns",105,7,130,138,336.444943085806,4
"no_word_component_columns",105,8,131,138,336.433310928444,4
"no_word_component_columns",105,9,122,138,336.739480203235,4
"no_word_component_columns",105,10,130,138,336.444943085806,4
"no_word_component_columns",105,11,124,138,336.890512733004,5
"no_word_component_columns",105,12,131,138,336.433310928444,4
"no_word_component_columns",105,13,131,138,336.433310928443,5
"no_word_component_columns",105,14,126,138,336.571537605342,3
"no_word_component_columns",105,15,89,138,351.129303835515,6
"no_word_component_columns",105,16,125,138,337.00300504021,3
"no_word_component_columns",105,17,127,138,336.553857661967,3
"no_word_component_columns",105,18,128,138,336.531797508328,3
"no_word_component_columns",105,19,130,138,336.444943085807,3
"no_word_component_columns",105,20,127,138,336.836400791831,3
"no_word_component_columns",105,21,131,138,336.433310928444,5
"no_word_component_columns",105,22,113,138,338.394431173908,4
"no_word_component_columns",105,23,131,138,336.433310928443,5
"no_word_component_columns",105,24,129,138,336.509160792064,3
"no_word_component_columns",105,25,131,138,336.433310928443,4
"no_word_component_columns",105,26,122,138,336.739480203235,4
"no_word_component_columns",105,27,125,138,337.00300504021,3
"no_word_component_columns",105,28,128,138,336.604998604241,3
"no_word_component_columns",105,29,116,138,338.217800102163,4
"no_word_component_columns",105,30,127,138,336.83640079183,3
"no_word_component_columns",105,31,127,138,336.836400791831,5
"no_word_component_columns",105,32,129,138,336.675294283598,3
"no_word_component_columns",105,33,126,138,336.784812837649,3
"no_word_component_columns",105,34,126,138,336.724452944007,3
"no_word_component_columns",105,35,131,138,336.433310928444,5
"no_word_component_columns",105,36,124,138,336.959118160987,3
"no_word_component_columns",105,37,122,138,336.739480203235,4
"no_word_component_columns",105,38,128,138,336.531797508328,3
"no_word_component_columns",105,39,127,138,336.83640079183,4
"no_word_component_columns",105,40,130,138,336.444943085807,4
"no_word_component_columns",105,41,125,138,337.003005040211,3
"no_word_component_columns",105,42,122,138,336.739480203236,3
"no_word_component_columns",105,43,124,138,336.48198875428,4
"no_word_component_columns",105,44,122,138,336.739480203235,4
"no_word_component_columns",105,45,127,138,336.836400791831,4
"no_word_component_columns",105,46,125,138,337.00300504021,3
"no_word_component_columns",105,47,129,138,336.509160792064,4
"no_word_component_columns",105,48,127,138,336.836400791831,3
"no_word_component_columns",105,49,129,138,336.633129715065,3
"no_word_component_columns",105,50,127,138,336.845610593128,3
"no_word_component_columns",105,51,125,138,337.00300504021,3
"no_word_component_columns",105,52,130,138,336.444943085807,3
"no_word_component_columns",105,53,131,138,336.433310928443,5
"no_word_component_columns",105,54,131,138,336.513431829646,3
"no_word_component_columns",105,55,129,138,336.509160792064,3
"no_word_component_columns",105,56,128,138,336.603328455067,3
"no_word_component_columns",105,57,127,138,336.836400791831,3
"no_word_component_columns",105,58,124,138,336.890512733004,4
"no_word_component_columns",105,59,131,138,336.433310928444,4
"no_word_component_columns",105,60,125,138,337.00300504021,4
"no_word_component_columns",105,61,130,138,336.444943085807,3
"no_word_component_columns",105,62,126,138,336.784812837649,3
"no_word_component_columns",105,63,128,138,336.603328455068,3
"no_word_component_columns",105,64,128,138,336.531797508328,4
"no_word_component_columns",105,65,131,138,336.433310928442,3
"no_word_component_columns",105,66,125,138,337.00300504021,4
"no_word_component_columns",105,67,126,138,336.724452944007,3
"no_word_component_columns",105,68,125,138,337.00300504021,4
"no_word_component_columns",105,69,122,138,336.739480203236,4
"no_word_component_columns",105,70,131,138,336.433310928443,5
"no_word_component_columns",105,71,129,138,336.633129715065,4
"no_word_component_columns",105,72,131,138,336.513431829646,3
"no_word_component_columns",105,73,131,138,336.433310928443,2
"no_word_component_columns",105,74,124,138,336.48198875428,2
"no_word_component_columns",105,75,131,138,336.433310928443,6
"no_word_component_columns",105,76,128,138,336.60499860424,2
"no_word_component_columns",105,77,130,138,336.444943085806,3
"no_word_component_columns",105,78,131,138,336.513431829645,4
"no_word_component_columns",105,79,131,138,336.433310928443,5
"no_word_component_columns",105,80,131,138,336.433310928444,5
"no_word_component_columns",105,81,129,138,336.509160792064,2
"no_word_component_columns",105,82,126,138,336.784812837649,4
"no_word_component_columns",105,83,131,138,336.433310928443,4
"no_word_component_columns",105,84,124,138,336.53031072246,3
"no_word_component_columns",105,85,131,138,336.433310928444,4
"no_word_component_columns",105,86,125,138,337.00300504021,4
"no_word_component_columns",105,87,131,138,336.433310928444,3
"no_word_component_columns",105,88,130,138,336.444943085807,3
"no_word_component_columns",105,89,129,138,336.633129715065,3
"no_word_component_columns",105,90,131,138,336.433310928444,5
"no_word_component_columns",105,91,131,138,336.433310928444,8
"no_word_component_columns",105,92,75,138,352.643663953259,3
"no_word_component_columns",105,93,107,138,338.776148087919,4
"no_word_component_columns",105,94,124,138,336.890512733004,4
"no_word_component_columns",105,95,130,138,336.444943085806,3
"no_word_component_columns",105,96,126,138,336.724452944008,3
"no_word_component_columns",105,97,131,138,336.433310928444,3
"no_word_component_columns",105,98,124,138,336.530310722461,3
"no_word_component_columns",105,99,125,138,337.00300504021,3
"no_word_component_columns",105,100,131,138,336.433310928443,5
"syntax50",50,1,91,138,232.396997372459,3
"syntax50",50,2,112,138,230.37569473326,4
"syntax50",50,3,74,138,237.530504972861,4
"syntax50",50,4,103,138,230.114356052938,3
"syntax50",50,5,89,138,234.91365144032,6
"syntax50",50,6,109,138,233.23888059465,4
"syntax50",50,7,105,138,230.204463092584,5
"syntax50",50,8,112,138,229.981664572544,6
"syntax50",50,9,88,138,231.35462488844,5
"syntax50",50,10,97,138,234.794245589516,4
"syntax50",50,11,101,138,231.35864188873,4
"syntax50",50,12,106,138,232.386080202085,4
"syntax50",50,13,103,138,230.114356052938,4
"syntax50",50,14,125,138,231.802207141444,4
"syntax50",50,15,87,138,237.04582238064,3
"syntax50",50,16,115,138,231.563240434719,4
"syntax50",50,17,121,138,231.60366469215,6
"syntax50",50,18,123,138,231.562057549212,3
"syntax50",50,19,120,138,231.587410802081,4
"syntax50",50,20,110,138,231.144172471527,3
"syntax50",50,21,99,138,230.030960226391,3
"syntax50",50,22,69,138,236.204897681759,3
"syntax50",50,23,73,138,235.706041097077,6
"syntax50",50,24,105,138,234.270419899798,4
"syntax50",50,25,102,138,230.076652701994,3
"syntax50",50,26,83,138,232.76428705079,7
"syntax50",50,27,121,138,231.968450511479,3
"syntax50",50,28,116,138,231.559810249011,4
"syntax50",50,29,69,138,236.440601422929,4
"syntax50",50,30,99,138,230.030960226393,5
"syntax50",50,31,118,138,231.472504301662,5
"syntax50",50,32,108,138,230.290445425233,5
"syntax50",50,33,109,138,232.353621429347,3
"syntax50",50,34,121,138,231.842214416616,3
"syntax50",50,35,100,138,230.05818950604,3
"syntax50",50,36,109,138,232.431006666208,4
"syntax50",50,37,85,138,234.935881882769,3
"syntax50",50,38,119,138,231.295084107834,4
"syntax50",50,39,119,138,231.295084107834,4
"syntax50",50,40,117,138,231.399632806873,4
"syntax50",50,41,99,138,235.745321325827,5
"syntax50",50,42,120,138,231.307201242521,4
"syntax50",50,43,81,138,233.888595644309,4
"syntax50",50,44,109,138,231.853972209688,4
"syntax50",50,45,119,138,231.295084107835,4
"syntax50",50,46,97,138,233.5729245747,6
"syntax50",50,47,104,138,231.368123940086,3
"syntax50",50,48,72,138,235.797398186322,5
"syntax50",50,49,78,138,233.908316676308,3
"syntax50",50,50,115,138,230.32250320161,3
"syntax50",50,51,110,138,231.851282069615,3
"syntax50",50,52,100,138,230.027648220197,4
"syntax50",50,53,104,138,231.368123940084,4
"syntax50",50,54,102,138,230.149809116437,3
"syntax50",50,55,121,138,231.726755627549,4
"syntax50",50,56,106,138,230.349491188825,3
"syntax50",50,57,122,138,231.490245514347,3
"syntax50",50,58,117,138,231.522424052234,4
"syntax50",50,59,113,138,232.484722857412,4
"syntax50",50,60,91,138,233.248105606682,3
"syntax50",50,61,115,138,231.647972874775,4
"syntax50",50,62,105,138,231.317674140691,3
"syntax50",50,63,84,138,237.334467352655,3
"syntax50",50,64,115,138,231.56324043472,5
"syntax50",50,65,85,138,233.517728823147,4
"syntax50",50,66,117,138,231.399632806874,3
"syntax50",50,67,114,138,230.334146452512,3
"syntax50",50,68,119,138,231.295084107836,3
"syntax50",50,69,100,138,230.085986148353,5
"syntax50",50,70,101,138,230.108067513771,3
"syntax50",50,71,111,138,232.030714394603,5
"syntax50",50,72,105,138,231.317674140692,3
"syntax50",50,73,113,138,230.581369373635,5
"syntax50",50,74,122,138,231.38538082736,3
"syntax50",50,75,94,138,232.111145516221,3
"syntax50",50,76,120,138,231.598423172672,5
"syntax50",50,77,133,138,232.086262231391,3
"syntax50",50,78,86,138,235.629306291728,4
"syntax50",50,79,118,138,229.68166068309,6
"syntax50",50,80,92,138,231.647462677744,3
"syntax50",50,81,102,138,230.149809116434,4
"syntax50",50,82,95,138,233.201386899584,3
"syntax50",50,83,106,138,234.262021605416,7
"syntax50",50,84,94,138,231.565312770529,7
"syntax50",50,85,102,138,233.629682525872,4
"syntax50",50,86,91,138,231.678717069558,5
"syntax50",50,87,108,138,231.371044950967,3
"syntax50",50,88,100,138,230.058189506035,2
"syntax50",50,89,124,138,231.592851403176,3
"syntax50",50,90,69,138,233.700113681938,5
"syntax50",50,91,94,138,232.030098907004,4
"syntax50",50,92,75,138,237.046001832499,3
"syntax50",50,93,93,138,232.128433081651,4
"syntax50",50,94,101,138,230.076497656237,4
"syntax50",50,95,120,138,231.321429491843,3
"syntax50",50,96,117,138,232.177805798115,3
"syntax50",50,97,103,138,230.11435605294,5
"syntax50",50,98,116,138,232.19357865053,3
"syntax50",50,99,117,138,231.399632806872,4
"syntax50",50,100,110,138,232.457525494048,3
"syntax_without_four_analysis_labels",46,1,70,138,224.574427388414,3
"syntax_without_four_analysis_labels",46,2,110,138,219.393618476135,6
"syntax_without_four_analysis_labels",46,3,89,138,222.863079216098,5
"syntax_without_four_analysis_labels",46,4,96,138,218.854905624371,3
"syntax_without_four_analysis_labels",46,5,94,138,218.969116779293,5
"syntax_without_four_analysis_labels",46,6,98,138,218.821077545811,5
"syntax_without_four_analysis_labels",46,7,98,138,218.821077545814,4
"syntax_without_four_analysis_labels",46,8,102,138,219.842465069441,6
"syntax_without_four_analysis_labels",46,9,81,138,220.100480760392,5
"syntax_without_four_analysis_labels",46,10,83,138,220.077449653331,5
"syntax_without_four_analysis_labels",46,11,75,138,221.93193665222,4
"syntax_without_four_analysis_labels",46,12,96,138,218.940323253743,3
"syntax_without_four_analysis_labels",46,13,101,138,219.558254345237,3
"syntax_without_four_analysis_labels",46,14,110,138,220.603200193551,5
"syntax_without_four_analysis_labels",46,15,88,138,223.355872491923,4
"syntax_without_four_analysis_labels",46,16,81,138,223.277247696517,4
"syntax_without_four_analysis_labels",46,17,112,138,221.040580869457,6
"syntax_without_four_analysis_labels",46,18,110,138,220.603200193551,5
"syntax_without_four_analysis_labels",46,19,78,138,221.936128868765,4
"syntax_without_four_analysis_labels",46,20,112,138,219.304803931776,6
"syntax_without_four_analysis_labels",46,21,91,138,219.257454112475,3
"syntax_without_four_analysis_labels",46,22,112,138,219.139016956864,5
"syntax_without_four_analysis_labels",46,23,108,138,219.557415783368,8
"syntax_without_four_analysis_labels",46,24,94,138,222.947780501345,5
"syntax_without_four_analysis_labels",46,25,90,138,219.217692628517,3
"syntax_without_four_analysis_labels",46,26,90,138,219.852770157846,6
"syntax_without_four_analysis_labels",46,27,83,138,221.335765945043,4
"syntax_without_four_analysis_labels",46,28,110,138,220.603200193552,5
"syntax_without_four_analysis_labels",46,29,110,138,220.612745123787,7
"syntax_without_four_analysis_labels",46,30,109,138,219.438853965727,7
"syntax_without_four_analysis_labels",46,31,84,138,221.538556756888,5
"syntax_without_four_analysis_labels",46,32,103,138,219.931468752969,7
"syntax_without_four_analysis_labels",46,33,105,138,221.602049855543,4
"syntax_without_four_analysis_labels",46,34,100,138,222.128405880227,6
"syntax_without_four_analysis_labels",46,35,99,138,218.781538808204,3
"syntax_without_four_analysis_labels",46,36,69,138,222.749656593249,3
"syntax_without_four_analysis_labels",46,37,70,138,224.059219137813,5
"syntax_without_four_analysis_labels",46,38,92,138,221.486769846534,5
"syntax_without_four_analysis_labels",46,39,103,138,222.948504707402,5
"syntax_without_four_analysis_labels",46,40,84,138,222.112794409143,4
"syntax_without_four_analysis_labels",46,41,77,138,225.92890861122,3
"syntax_without_four_analysis_labels",46,42,110,138,220.612745123788,4
"syntax_without_four_analysis_labels",46,43,82,138,220.137935922418,5
"syntax_without_four_analysis_labels",46,44,96,138,221.271245921426,6
"syntax_without_four_analysis_labels",46,45,109,138,220.558262404464,5
"syntax_without_four_analysis_labels",46,46,92,138,221.600216439016,7
"syntax_without_four_analysis_labels",46,47,71,138,222.038136830391,4
"syntax_without_four_analysis_labels",46,48,74,138,220.688109024977,4
"syntax_without_four_analysis_labels",46,49,97,138,219.197720182776,6
"syntax_without_four_analysis_labels",46,50,112,138,219.139016956868,5
"syntax_without_four_analysis_labels",46,51,99,138,221.514128722985,3
"syntax_without_four_analysis_labels",46,52,110,138,220.612745123787,6
"syntax_without_four_analysis_labels",46,53,79,138,221.008774997776,5
"syntax_without_four_analysis_labels",46,54,96,138,218.968064660473,3
"syntax_without_four_analysis_labels",46,55,112,138,222.534744656568,4
"syntax_without_four_analysis_labels",46,56,99,138,218.781538808201,4
"syntax_without_four_analysis_labels",46,57,117,138,219.665213870354,7
"syntax_without_four_analysis_labels",46,58,113,138,221.032856809404,5
"syntax_without_four_analysis_labels",46,59,76,138,223.431229629418,5
"syntax_without_four_analysis_labels",46,60,96,138,218.85490562437,6
"syntax_without_four_analysis_labels",46,61,110,138,220.612745123788,6
"syntax_without_four_analysis_labels",46,62,86,138,220.776437185077,4
"syntax_without_four_analysis_labels",46,63,79,138,220.20455448677,5
"syntax_without_four_analysis_labels",46,64,82,138,223.253145153195,5
"syntax_without_four_analysis_labels",46,65,103,138,219.280658293956,3
"syntax_without_four_analysis_labels",46,66,104,138,222.944581410879,4
"syntax_without_four_analysis_labels",46,67,112,138,219.427548131768,5
"syntax_without_four_analysis_labels",46,68,85,138,225.11281310073,4
"syntax_without_four_analysis_labels",46,69,94,138,218.997074912605,3
"syntax_without_four_analysis_labels",46,70,96,138,218.813537260666,4
"syntax_without_four_analysis_labels",46,71,74,138,220.840969114278,7
"syntax_without_four_analysis_labels",46,72,104,138,221.320497563073,4
"syntax_without_four_analysis_labels",46,73,102,138,219.528611656817,3
"syntax_without_four_analysis_labels",46,74,110,138,220.612745123789,4
"syntax_without_four_analysis_labels",46,75,107,138,221.519884077536,4
"syntax_without_four_analysis_labels",46,76,114,138,219.415935402693,5
"syntax_without_four_analysis_labels",46,77,74,138,221.282086319555,4
"syntax_without_four_analysis_labels",46,78,112,138,219.139016956863,6
"syntax_without_four_analysis_labels",46,79,112,138,219.139016956864,5
"syntax_without_four_analysis_labels",46,80,81,138,220.10048076039,4
"syntax_without_four_analysis_labels",46,81,106,138,221.452290481492,4
"syntax_without_four_analysis_labels",46,82,91,138,222.422445733294,3
"syntax_without_four_analysis_labels",46,83,86,138,224.319458116768,4
"syntax_without_four_analysis_labels",46,84,109,138,220.558262404464,4
"syntax_without_four_analysis_labels",46,85,69,138,220.783261714052,5
"syntax_without_four_analysis_labels",46,86,91,138,222.456075003757,4
"syntax_without_four_analysis_labels",46,87,87,138,220.970198533211,3
"syntax_without_four_analysis_labels",46,88,98,138,218.809740672872,3
"syntax_without_four_analysis_labels",46,89,100,138,220.806275920348,5
"syntax_without_four_analysis_labels",46,90,70,138,220.849634940189,6
"syntax_without_four_analysis_labels",46,91,71,138,226.066341204762,4
"syntax_without_four_analysis_labels",46,92,74,138,224.701430765078,4
"syntax_without_four_analysis_labels",46,93,79,138,220.409938082404,4
"syntax_without_four_analysis_labels",46,94,72,138,223.859918968554,4
"syntax_without_four_analysis_labels",46,95,81,138,222.470328494839,6
"syntax_without_four_analysis_labels",46,96,105,138,221.909502116649,4
"syntax_without_four_analysis_labels",46,97,96,138,218.968064660473,5
"syntax_without_four_analysis_labels",46,98,107,138,221.714127513962,3
"syntax_without_four_analysis_labels",46,99,93,138,222.421300212213,3
"syntax_without_four_analysis_labels",46,100,104,138,221.495447819576,6
