"feature_set","scope","feature"
"full","core","a"
"full","core","another"
"full","core","any"
"full","core","body"
"full","core","certain"
"full","core","day"
"full","core","each"
"full","core","each_other"
"full","core","either"
"full","core","ever"
"full","core","every"
"full","core","few"
"full","core","her"
"full","core","him"
"full","core","it"
"full","core","its"
"full","core","little"
"full","core","many"
"full","core","many_a"
"full","core","my"
"full","core","no"
"full","core","no_one"
"full","core","one"
"full","core","one_s"
"full","core","other"
"full","core","our"
"full","core","ours"
"full","core","self"
"full","core","some"
"full","core","their"
"full","core","theirs"
"full","core","them"
"full","core","they"
"full","core","thing"
"full","core","to"
"full","core","us"
"full","core","we"
"full","core","what"
"full","core","whatever"
"full","core","where"
"full","core","which"
"full","core","whichever"
"full","core","who"
"full","core","whoever"
"full","core","whom"
"full","core","whose"
"full","core","whosoever"
"full","core","you"
"full","core","your"
"full","core","yours"
"full","core","genitive_case"
"full","core","accusative_case"
"full","core","nominative_case"
"full","core","in_word_formation_e_g_a_many_sided_shape"
"full","core","has_derivationtionally_related_words"
"full","core","has_corresponding_word"
"full","core","compound_word"
"full","core","inflects_for_case"
"full","core","paradigm_has_distinct_acc_form"
"full","core","paradigm_has_genitive_form"
"full","core","paradigm_has_distinct_independent_genitive_form"
"full","core","paradigm_has_distinct_self_form"
"full","core","paradigm_has_comparative_and_superlative_forms"
"full","core","paradigm_has_distinct_plural_form"
"full","core","does_not_inflect"
"full","core","Monmorphemic"
"full","core","Must_be_stressed_as_object_after_particle"
"full","core","Start_with_th"
"full","core","Start_with_hw"
"full","core","anaphoric_marker"
"full","core","deictic_marker"
"full","core","person_deixis"
"full","core","pro_form"
"full","core","personal_gender_as_head_or_fused_head"
"full","core","non_personal_gender"
"full","core","epicene_personal_gender"
"full","core","masculine_gender"
"full","core","feminine_gender"
"full","core","definite"
"full","core","indefinite"
"full","core","existential"
"full","core","universal"
"full","core","free_choice"
"full","core","negative"
"full","core","interrogative"
"full","core","non_affirmative"
"full","core","reflexive"
"full","core","reciprocal"
"full","core","dual"
"full","core","paucal"
"full","core","multal"
"full","core","proportional"
"full","core","semantically_countable"
"full","core","semantically_uncountable"
"full","core","semantically_singular"
"full","core","semantically_plural"
"full","core","distributive"
"full","core","joint"
"full","core","cardinal"
"full","core","disjunctive"
"full","core","degree"
"full","core","sufficiency"
"full","core","temporal"
"full","core","locative"
"full","core","dummy"
"full","core","can_be_followed_by_adjective_such"
"full","core","can_be_modified_by_almost"
"full","core","can_be_modified_by_approximately"
"full","core","can_be_modified_by_at_least"
"full","core","can_be_modified_by_hardly"
"full","core","can_be_modified_by_not"
"full","core","can_be_modified_by_adverb_very"
"full","core","Coordinates_with_independent_genitives"
"full","core","Coordinates_with_dependent_genitives"
"full","core","Coordinates_with_NPs"
"full","core","intensifying_reduplication"
"full","core","selects_singular_heads"
"full","core","selects_count_singular_heads"
"full","core","selects_non_count_heads"
"full","core","selects_plural_heads"
"full","core","compatible_count_sing_NP"
"full","core","compatible_count_plur_NP"
"full","core","compatible_non_count_NP"
"full","core","Forms_universal_pronouns_before_all"
"full","core","functions_as_a_predeterminer_modifier"
"full","core","functions_as_prehead_modifier_in_nominal"
"full","core","functions_as_degree_modifier_in_AdjP"
"full","core","functions_as_predicative_complement"
"full","core","functions_as_predicative_complement_to_seem"
"full","core","functions_as_marker_of_coordination"
"full","core","functions_as_fused_determiner_head"
"full","core","functions_as_head_of_partitive_construction"
"full","core","functions_as_adjunct_in_clause_structure"
"full","core","functions_as_attrib_modifier_in_nominal"
"full","core","appears_in_subject"
"full","core","appears_in_object"
"full","core","functions_as_post_head_modifier_of_it_or_them"
"full","core","functions_as_post_head_modifier_of_N"
"full","core","appears_in_existentials_there_s_on_the_table"
"full","core","functions_as_determiner_in_day_s_time_ago"
"full","core","functions_as_subject_of_present_participal_of_joining_you"
"full","core","Functions_as_subject_of_interrogative_tag"
"full","core","functions_as_subject_determiner"
"full","core","functions_in_vocative"
"full","core","May_coordinate_with_non_fused_determiners"
"full","core","must_be_outranked_by_a_coindexed_element"
"full","core","takes_predeterminer_modifiers_all_or_both"
"full","core","occurs_after_predeterminer_modifiers_fractions"
"full","core","occurs_after_predeterminer_modifiers_multipliers"
"full","core","ironic_use_of_repetition"
"full","core","take_poor_lucky_silly_as_attrib_modifiers"
"full","core","takes_adverb_quite_as_a_modifier"
"full","core","takes_else_or_more_as_a_post_head_dependent"
"full","core","accepts_genitive_apstrophe_s"
"full","core","takes_post_head_modifier_the_hell"
"no_components","core","genitive_case"
"no_components","core","accusative_case"
"no_components","core","nominative_case"
"no_components","core","in_word_formation_e_g_a_many_sided_shape"
"no_components","core","has_derivationtionally_related_words"
"no_components","core","has_corresponding_word"
"no_components","core","compound_word"
"no_components","core","inflects_for_case"
"no_components","core","paradigm_has_distinct_acc_form"
"no_components","core","paradigm_has_genitive_form"
"no_components","core","paradigm_has_distinct_independent_genitive_form"
"no_components","core","paradigm_has_distinct_self_form"
"no_components","core","paradigm_has_comparative_and_superlative_forms"
"no_components","core","paradigm_has_distinct_plural_form"
"no_components","core","does_not_inflect"
"no_components","core","Monmorphemic"
"no_components","core","Must_be_stressed_as_object_after_particle"
"no_components","core","Start_with_th"
"no_components","core","Start_with_hw"
"no_components","core","anaphoric_marker"
"no_components","core","deictic_marker"
"no_components","core","person_deixis"
"no_components","core","pro_form"
"no_components","core","personal_gender_as_head_or_fused_head"
"no_components","core","non_personal_gender"
"no_components","core","epicene_personal_gender"
"no_components","core","masculine_gender"
"no_components","core","feminine_gender"
"no_components","core","definite"
"no_components","core","indefinite"
"no_components","core","existential"
"no_components","core","universal"
"no_components","core","free_choice"
"no_components","core","negative"
"no_components","core","interrogative"
"no_components","core","non_affirmative"
"no_components","core","reflexive"
"no_components","core","reciprocal"
"no_components","core","dual"
"no_components","core","paucal"
"no_components","core","multal"
"no_components","core","proportional"
"no_components","core","semantically_countable"
"no_components","core","semantically_uncountable"
"no_components","core","semantically_singular"
"no_components","core","semantically_plural"
"no_components","core","distributive"
"no_components","core","joint"
"no_components","core","cardinal"
"no_components","core","disjunctive"
"no_components","core","degree"
"no_components","core","sufficiency"
"no_components","core","temporal"
"no_components","core","locative"
"no_components","core","dummy"
"no_components","core","can_be_followed_by_adjective_such"
"no_components","core","can_be_modified_by_almost"
"no_components","core","can_be_modified_by_approximately"
"no_components","core","can_be_modified_by_at_least"
"no_components","core","can_be_modified_by_hardly"
"no_components","core","can_be_modified_by_not"
"no_components","core","can_be_modified_by_adverb_very"
"no_components","core","Coordinates_with_independent_genitives"
"no_components","core","Coordinates_with_dependent_genitives"
"no_components","core","Coordinates_with_NPs"
"no_components","core","intensifying_reduplication"
"no_components","core","selects_singular_heads"
"no_components","core","selects_count_singular_heads"
"no_components","core","selects_non_count_heads"
"no_components","core","selects_plural_heads"
"no_components","core","compatible_count_sing_NP"
"no_components","core","compatible_count_plur_NP"
"no_components","core","compatible_non_count_NP"
"no_components","core","Forms_universal_pronouns_before_all"
"no_components","core","functions_as_a_predeterminer_modifier"
"no_components","core","functions_as_prehead_modifier_in_nominal"
"no_components","core","functions_as_degree_modifier_in_AdjP"
"no_components","core","functions_as_predicative_complement"
"no_components","core","functions_as_predicative_complement_to_seem"
"no_components","core","functions_as_marker_of_coordination"
"no_components","core","functions_as_fused_determiner_head"
"no_components","core","functions_as_head_of_partitive_construction"
"no_components","core","functions_as_adjunct_in_clause_structure"
"no_components","core","functions_as_attrib_modifier_in_nominal"
"no_components","core","appears_in_subject"
"no_components","core","appears_in_object"
"no_components","core","functions_as_post_head_modifier_of_it_or_them"
"no_components","core","functions_as_post_head_modifier_of_N"
"no_components","core","appears_in_existentials_there_s_on_the_table"
"no_components","core","functions_as_determiner_in_day_s_time_ago"
"no_components","core","functions_as_subject_of_present_participal_of_joining_you"
"no_components","core","Functions_as_subject_of_interrogative_tag"
"no_components","core","functions_as_subject_determiner"
"no_components","core","functions_in_vocative"
"no_components","core","May_coordinate_with_non_fused_determiners"
"no_components","core","must_be_outranked_by_a_coindexed_element"
"no_components","core","takes_predeterminer_modifiers_all_or_both"
"no_components","core","occurs_after_predeterminer_modifiers_fractions"
"no_components","core","occurs_after_predeterminer_modifiers_multipliers"
"no_components","core","ironic_use_of_repetition"
"no_components","core","take_poor_lucky_silly_as_attrib_modifiers"
"no_components","core","takes_adverb_quite_as_a_modifier"
"no_components","core","takes_else_or_more_as_a_post_head_dependent"
"no_components","core","accepts_genitive_apstrophe_s"
"no_components","core","takes_post_head_modifier_the_hell"
"no_four_labels","core","a"
"no_four_labels","core","another"
"no_four_labels","core","any"
"no_four_labels","core","body"
"no_four_labels","core","certain"
"no_four_labels","core","day"
"no_four_labels","core","each"
"no_four_labels","core","each_other"
"no_four_labels","core","either"
"no_four_labels","core","ever"
"no_four_labels","core","every"
"no_four_labels","core","few"
"no_four_labels","core","her"
"no_four_labels","core","him"
"no_four_labels","core","it"
"no_four_labels","core","its"
"no_four_labels","core","little"
"no_four_labels","core","many"
"no_four_labels","core","many_a"
"no_four_labels","core","my"
"no_four_labels","core","no"
"no_four_labels","core","no_one"
"no_four_labels","core","one"
"no_four_labels","core","one_s"
"no_four_labels","core","other"
"no_four_labels","core","our"
"no_four_labels","core","ours"
"no_four_labels","core","self"
"no_four_labels","core","some"
"no_four_labels","core","their"
"no_four_labels","core","theirs"
"no_four_labels","core","them"
"no_four_labels","core","they"
"no_four_labels","core","thing"
"no_four_labels","core","to"
"no_four_labels","core","us"
"no_four_labels","core","we"
"no_four_labels","core","what"
"no_four_labels","core","whatever"
"no_four_labels","core","where"
"no_four_labels","core","which"
"no_four_labels","core","whichever"
"no_four_labels","core","who"
"no_four_labels","core","whoever"
"no_four_labels","core","whom"
"no_four_labels","core","whose"
"no_four_labels","core","whosoever"
"no_four_labels","core","you"
"no_four_labels","core","your"
"no_four_labels","core","yours"
"no_four_labels","core","genitive_case"
"no_four_labels","core","accusative_case"
"no_four_labels","core","nominative_case"
"no_four_labels","core","in_word_formation_e_g_a_many_sided_shape"
"no_four_labels","core","has_derivationtionally_related_words"
"no_four_labels","core","has_corresponding_word"
"no_four_labels","core","compound_word"
"no_four_labels","core","inflects_for_case"
"no_four_labels","core","paradigm_has_distinct_acc_form"
"no_four_labels","core","paradigm_has_genitive_form"
"no_four_labels","core","paradigm_has_distinct_independent_genitive_form"
"no_four_labels","core","paradigm_has_distinct_self_form"
"no_four_labels","core","paradigm_has_comparative_and_superlative_forms"
"no_four_labels","core","paradigm_has_distinct_plural_form"
"no_four_labels","core","does_not_inflect"
"no_four_labels","core","Monmorphemic"
"no_four_labels","core","Must_be_stressed_as_object_after_particle"
"no_four_labels","core","Start_with_th"
"no_four_labels","core","Start_with_hw"
"no_four_labels","core","anaphoric_marker"
"no_four_labels","core","deictic_marker"
"no_four_labels","core","person_deixis"
"no_four_labels","core","pro_form"
"no_four_labels","core","personal_gender_as_head_or_fused_head"
"no_four_labels","core","non_personal_gender"
"no_four_labels","core","epicene_personal_gender"
"no_four_labels","core","masculine_gender"
"no_four_labels","core","feminine_gender"
"no_four_labels","core","definite"
"no_four_labels","core","indefinite"
"no_four_labels","core","existential"
"no_four_labels","core","universal"
"no_four_labels","core","free_choice"
"no_four_labels","core","negative"
"no_four_labels","core","interrogative"
"no_four_labels","core","non_affirmative"
"no_four_labels","core","reflexive"
"no_four_labels","core","reciprocal"
"no_four_labels","core","dual"
"no_four_labels","core","paucal"
"no_four_labels","core","multal"
"no_four_labels","core","proportional"
"no_four_labels","core","semantically_countable"
"no_four_labels","core","semantically_uncountable"
"no_four_labels","core","semantically_singular"
"no_four_labels","core","semantically_plural"
"no_four_labels","core","distributive"
"no_four_labels","core","joint"
"no_four_labels","core","cardinal"
"no_four_labels","core","disjunctive"
"no_four_labels","core","degree"
"no_four_labels","core","sufficiency"
"no_four_labels","core","temporal"
"no_four_labels","core","locative"
"no_four_labels","core","dummy"
"no_four_labels","core","can_be_followed_by_adjective_such"
"no_four_labels","core","can_be_modified_by_almost"
"no_four_labels","core","can_be_modified_by_approximately"
"no_four_labels","core","can_be_modified_by_at_least"
"no_four_labels","core","can_be_modified_by_hardly"
"no_four_labels","core","can_be_modified_by_not"
"no_four_labels","core","can_be_modified_by_adverb_very"
"no_four_labels","core","Coordinates_with_independent_genitives"
"no_four_labels","core","Coordinates_with_dependent_genitives"
"no_four_labels","core","Coordinates_with_NPs"
"no_four_labels","core","intensifying_reduplication"
"no_four_labels","core","selects_singular_heads"
"no_four_labels","core","selects_count_singular_heads"
"no_four_labels","core","selects_non_count_heads"
"no_four_labels","core","selects_plural_heads"
"no_four_labels","core","compatible_count_sing_NP"
"no_four_labels","core","compatible_count_plur_NP"
"no_four_labels","core","compatible_non_count_NP"
"no_four_labels","core","Forms_universal_pronouns_before_all"
"no_four_labels","core","functions_as_a_predeterminer_modifier"
"no_four_labels","core","functions_as_prehead_modifier_in_nominal"
"no_four_labels","core","functions_as_degree_modifier_in_AdjP"
"no_four_labels","core","functions_as_predicative_complement"
"no_four_labels","core","functions_as_predicative_complement_to_seem"
"no_four_labels","core","functions_as_marker_of_coordination"
"no_four_labels","core","functions_as_adjunct_in_clause_structure"
"no_four_labels","core","functions_as_attrib_modifier_in_nominal"
"no_four_labels","core","appears_in_subject"
"no_four_labels","core","appears_in_object"
"no_four_labels","core","functions_as_post_head_modifier_of_it_or_them"
"no_four_labels","core","functions_as_post_head_modifier_of_N"
"no_four_labels","core","appears_in_existentials_there_s_on_the_table"
"no_four_labels","core","functions_as_determiner_in_day_s_time_ago"
"no_four_labels","core","functions_as_subject_of_present_participal_of_joining_you"
"no_four_labels","core","Functions_as_subject_of_interrogative_tag"
"no_four_labels","core","functions_in_vocative"
"no_four_labels","core","must_be_outranked_by_a_coindexed_element"
"no_four_labels","core","takes_predeterminer_modifiers_all_or_both"
"no_four_labels","core","occurs_after_predeterminer_modifiers_fractions"
"no_four_labels","core","occurs_after_predeterminer_modifiers_multipliers"
"no_four_labels","core","ironic_use_of_repetition"
"no_four_labels","core","take_poor_lucky_silly_as_attrib_modifiers"
"no_four_labels","core","takes_adverb_quite_as_a_modifier"
"no_four_labels","core","takes_else_or_more_as_a_post_head_dependent"
"no_four_labels","core","accepts_genitive_apstrophe_s"
"no_four_labels","core","takes_post_head_modifier_the_hell"
"no_components_or_four_labels","core","genitive_case"
"no_components_or_four_labels","core","accusative_case"
"no_components_or_four_labels","core","nominative_case"
"no_components_or_four_labels","core","in_word_formation_e_g_a_many_sided_shape"
"no_components_or_four_labels","core","has_derivationtionally_related_words"
"no_components_or_four_labels","core","has_corresponding_word"
"no_components_or_four_labels","core","compound_word"
"no_components_or_four_labels","core","inflects_for_case"
"no_components_or_four_labels","core","paradigm_has_distinct_acc_form"
"no_components_or_four_labels","core","paradigm_has_genitive_form"
"no_components_or_four_labels","core","paradigm_has_distinct_independent_genitive_form"
"no_components_or_four_labels","core","paradigm_has_distinct_self_form"
"no_components_or_four_labels","core","paradigm_has_comparative_and_superlative_forms"
"no_components_or_four_labels","core","paradigm_has_distinct_plural_form"
"no_components_or_four_labels","core","does_not_inflect"
"no_components_or_four_labels","core","Monmorphemic"
"no_components_or_four_labels","core","Must_be_stressed_as_object_after_particle"
"no_components_or_four_labels","core","Start_with_th"
"no_components_or_four_labels","core","Start_with_hw"
"no_components_or_four_labels","core","anaphoric_marker"
"no_components_or_four_labels","core","deictic_marker"
"no_components_or_four_labels","core","person_deixis"
"no_components_or_four_labels","core","pro_form"
"no_components_or_four_labels","core","personal_gender_as_head_or_fused_head"
"no_components_or_four_labels","core","non_personal_gender"
"no_components_or_four_labels","core","epicene_personal_gender"
"no_components_or_four_labels","core","masculine_gender"
"no_components_or_four_labels","core","feminine_gender"
"no_components_or_four_labels","core","definite"
"no_components_or_four_labels","core","indefinite"
"no_components_or_four_labels","core","existential"
"no_components_or_four_labels","core","universal"
"no_components_or_four_labels","core","free_choice"
"no_components_or_four_labels","core","negative"
"no_components_or_four_labels","core","interrogative"
"no_components_or_four_labels","core","non_affirmative"
"no_components_or_four_labels","core","reflexive"
"no_components_or_four_labels","core","reciprocal"
"no_components_or_four_labels","core","dual"
"no_components_or_four_labels","core","paucal"
"no_components_or_four_labels","core","multal"
"no_components_or_four_labels","core","proportional"
"no_components_or_four_labels","core","semantically_countable"
"no_components_or_four_labels","core","semantically_uncountable"
"no_components_or_four_labels","core","semantically_singular"
"no_components_or_four_labels","core","semantically_plural"
"no_components_or_four_labels","core","distributive"
"no_components_or_four_labels","core","joint"
"no_components_or_four_labels","core","cardinal"
"no_components_or_four_labels","core","disjunctive"
"no_components_or_four_labels","core","degree"
"no_components_or_four_labels","core","sufficiency"
"no_components_or_four_labels","core","temporal"
"no_components_or_four_labels","core","locative"
"no_components_or_four_labels","core","dummy"
"no_components_or_four_labels","core","can_be_followed_by_adjective_such"
"no_components_or_four_labels","core","can_be_modified_by_almost"
"no_components_or_four_labels","core","can_be_modified_by_approximately"
"no_components_or_four_labels","core","can_be_modified_by_at_least"
"no_components_or_four_labels","core","can_be_modified_by_hardly"
"no_components_or_four_labels","core","can_be_modified_by_not"
"no_components_or_four_labels","core","can_be_modified_by_adverb_very"
"no_components_or_four_labels","core","Coordinates_with_independent_genitives"
"no_components_or_four_labels","core","Coordinates_with_dependent_genitives"
"no_components_or_four_labels","core","Coordinates_with_NPs"
"no_components_or_four_labels","core","intensifying_reduplication"
"no_components_or_four_labels","core","selects_singular_heads"
"no_components_or_four_labels","core","selects_count_singular_heads"
"no_components_or_four_labels","core","selects_non_count_heads"
"no_components_or_four_labels","core","selects_plural_heads"
"no_components_or_four_labels","core","compatible_count_sing_NP"
"no_components_or_four_labels","core","compatible_count_plur_NP"
"no_components_or_four_labels","core","compatible_non_count_NP"
"no_components_or_four_labels","core","Forms_universal_pronouns_before_all"
"no_components_or_four_labels","core","functions_as_a_predeterminer_modifier"
"no_components_or_four_labels","core","functions_as_prehead_modifier_in_nominal"
"no_components_or_four_labels","core","functions_as_degree_modifier_in_AdjP"
"no_components_or_four_labels","core","functions_as_predicative_complement"
"no_components_or_four_labels","core","functions_as_predicative_complement_to_seem"
"no_components_or_four_labels","core","functions_as_marker_of_coordination"
"no_components_or_four_labels","core","functions_as_adjunct_in_clause_structure"
"no_components_or_four_labels","core","functions_as_attrib_modifier_in_nominal"
"no_components_or_four_labels","core","appears_in_subject"
"no_components_or_four_labels","core","appears_in_object"
"no_components_or_four_labels","core","functions_as_post_head_modifier_of_it_or_them"
"no_components_or_four_labels","core","functions_as_post_head_modifier_of_N"
"no_components_or_four_labels","core","appears_in_existentials_there_s_on_the_table"
"no_components_or_four_labels","core","functions_as_determiner_in_day_s_time_ago"
"no_components_or_four_labels","core","functions_as_subject_of_present_participal_of_joining_you"
"no_components_or_four_labels","core","Functions_as_subject_of_interrogative_tag"
"no_components_or_four_labels","core","functions_in_vocative"
"no_components_or_four_labels","core","must_be_outranked_by_a_coindexed_element"
"no_components_or_four_labels","core","takes_predeterminer_modifiers_all_or_both"
"no_components_or_four_labels","core","occurs_after_predeterminer_modifiers_fractions"
"no_components_or_four_labels","core","occurs_after_predeterminer_modifiers_multipliers"
"no_components_or_four_labels","core","ironic_use_of_repetition"
"no_components_or_four_labels","core","take_poor_lucky_silly_as_attrib_modifiers"
"no_components_or_four_labels","core","takes_adverb_quite_as_a_modifier"
"no_components_or_four_labels","core","takes_else_or_more_as_a_post_head_dependent"
"no_components_or_four_labels","core","accepts_genitive_apstrophe_s"
"no_components_or_four_labels","core","takes_post_head_modifier_the_hell"
"no_morph","core","Must_be_stressed_as_object_after_particle"
"no_morph","core","Start_with_th"
"no_morph","core","Start_with_hw"
"no_morph","core","anaphoric_marker"
"no_morph","core","deictic_marker"
"no_morph","core","person_deixis"
"no_morph","core","pro_form"
"no_morph","core","personal_gender_as_head_or_fused_head"
"no_morph","core","non_personal_gender"
"no_morph","core","epicene_personal_gender"
"no_morph","core","masculine_gender"
"no_morph","core","feminine_gender"
"no_morph","core","definite"
"no_morph","core","indefinite"
"no_morph","core","existential"
"no_morph","core","universal"
"no_morph","core","free_choice"
"no_morph","core","negative"
"no_morph","core","interrogative"
"no_morph","core","non_affirmative"
"no_morph","core","reflexive"
"no_morph","core","reciprocal"
"no_morph","core","dual"
"no_morph","core","paucal"
"no_morph","core","multal"
"no_morph","core","proportional"
"no_morph","core","semantically_countable"
"no_morph","core","semantically_uncountable"
"no_morph","core","semantically_singular"
"no_morph","core","semantically_plural"
"no_morph","core","distributive"
"no_morph","core","joint"
"no_morph","core","cardinal"
"no_morph","core","disjunctive"
"no_morph","core","degree"
"no_morph","core","sufficiency"
"no_morph","core","temporal"
"no_morph","core","locative"
"no_morph","core","dummy"
"no_morph","core","can_be_followed_by_adjective_such"
"no_morph","core","can_be_modified_by_almost"
"no_morph","core","can_be_modified_by_approximately"
"no_morph","core","can_be_modified_by_at_least"
"no_morph","core","can_be_modified_by_hardly"
"no_morph","core","can_be_modified_by_not"
"no_morph","core","can_be_modified_by_adverb_very"
"no_morph","core","Coordinates_with_independent_genitives"
"no_morph","core","Coordinates_with_dependent_genitives"
"no_morph","core","Coordinates_with_NPs"
"no_morph","core","intensifying_reduplication"
"no_morph","core","selects_singular_heads"
"no_morph","core","selects_count_singular_heads"
"no_morph","core","selects_non_count_heads"
"no_morph","core","selects_plural_heads"
"no_morph","core","compatible_count_sing_NP"
"no_morph","core","compatible_count_plur_NP"
"no_morph","core","compatible_non_count_NP"
"no_morph","core","Forms_universal_pronouns_before_all"
"no_morph","core","functions_as_a_predeterminer_modifier"
"no_morph","core","functions_as_prehead_modifier_in_nominal"
"no_morph","core","functions_as_degree_modifier_in_AdjP"
"no_morph","core","functions_as_predicative_complement"
"no_morph","core","functions_as_predicative_complement_to_seem"
"no_morph","core","functions_as_marker_of_coordination"
"no_morph","core","functions_as_fused_determiner_head"
"no_morph","core","functions_as_head_of_partitive_construction"
"no_morph","core","functions_as_adjunct_in_clause_structure"
"no_morph","core","functions_as_attrib_modifier_in_nominal"
"no_morph","core","appears_in_subject"
"no_morph","core","appears_in_object"
"no_morph","core","functions_as_post_head_modifier_of_it_or_them"
"no_morph","core","functions_as_post_head_modifier_of_N"
"no_morph","core","appears_in_existentials_there_s_on_the_table"
"no_morph","core","functions_as_determiner_in_day_s_time_ago"
"no_morph","core","functions_as_subject_of_present_participal_of_joining_you"
"no_morph","core","Functions_as_subject_of_interrogative_tag"
"no_morph","core","functions_as_subject_determiner"
"no_morph","core","functions_in_vocative"
"no_morph","core","May_coordinate_with_non_fused_determiners"
"no_morph","core","must_be_outranked_by_a_coindexed_element"
"no_morph","core","takes_predeterminer_modifiers_all_or_both"
"no_morph","core","occurs_after_predeterminer_modifiers_fractions"
"no_morph","core","occurs_after_predeterminer_modifiers_multipliers"
"no_morph","core","ironic_use_of_repetition"
"no_morph","core","take_poor_lucky_silly_as_attrib_modifiers"
"no_morph","core","takes_adverb_quite_as_a_modifier"
"no_morph","core","takes_else_or_more_as_a_post_head_dependent"
"no_morph","core","accepts_genitive_apstrophe_s"
"no_morph","core","takes_post_head_modifier_the_hell"
"no_phon","core","a"
"no_phon","core","another"
"no_phon","core","any"
"no_phon","core","body"
"no_phon","core","certain"
"no_phon","core","day"
"no_phon","core","each"
"no_phon","core","each_other"
"no_phon","core","either"
"no_phon","core","ever"
"no_phon","core","every"
"no_phon","core","few"
"no_phon","core","her"
"no_phon","core","him"
"no_phon","core","it"
"no_phon","core","its"
"no_phon","core","little"
"no_phon","core","many"
"no_phon","core","many_a"
"no_phon","core","my"
"no_phon","core","no"
"no_phon","core","no_one"
"no_phon","core","one"
"no_phon","core","one_s"
"no_phon","core","other"
"no_phon","core","our"
"no_phon","core","ours"
"no_phon","core","self"
"no_phon","core","some"
"no_phon","core","their"
"no_phon","core","theirs"
"no_phon","core","them"
"no_phon","core","they"
"no_phon","core","thing"
"no_phon","core","to"
"no_phon","core","us"
"no_phon","core","we"
"no_phon","core","what"
"no_phon","core","whatever"
"no_phon","core","where"
"no_phon","core","which"
"no_phon","core","whichever"
"no_phon","core","who"
"no_phon","core","whoever"
"no_phon","core","whom"
"no_phon","core","whose"
"no_phon","core","whosoever"
"no_phon","core","you"
"no_phon","core","your"
"no_phon","core","yours"
"no_phon","core","genitive_case"
"no_phon","core","accusative_case"
"no_phon","core","nominative_case"
"no_phon","core","in_word_formation_e_g_a_many_sided_shape"
"no_phon","core","has_derivationtionally_related_words"
"no_phon","core","has_corresponding_word"
"no_phon","core","compound_word"
"no_phon","core","inflects_for_case"
"no_phon","core","paradigm_has_distinct_acc_form"
"no_phon","core","paradigm_has_genitive_form"
"no_phon","core","paradigm_has_distinct_independent_genitive_form"
"no_phon","core","paradigm_has_distinct_self_form"
"no_phon","core","paradigm_has_comparative_and_superlative_forms"
"no_phon","core","paradigm_has_distinct_plural_form"
"no_phon","core","does_not_inflect"
"no_phon","core","Monmorphemic"
"no_phon","core","anaphoric_marker"
"no_phon","core","deictic_marker"
"no_phon","core","person_deixis"
"no_phon","core","pro_form"
"no_phon","core","personal_gender_as_head_or_fused_head"
"no_phon","core","non_personal_gender"
"no_phon","core","epicene_personal_gender"
"no_phon","core","masculine_gender"
"no_phon","core","feminine_gender"
"no_phon","core","definite"
"no_phon","core","indefinite"
"no_phon","core","existential"
"no_phon","core","universal"
"no_phon","core","free_choice"
"no_phon","core","negative"
"no_phon","core","interrogative"
"no_phon","core","non_affirmative"
"no_phon","core","reflexive"
"no_phon","core","reciprocal"
"no_phon","core","dual"
"no_phon","core","paucal"
"no_phon","core","multal"
"no_phon","core","proportional"
"no_phon","core","semantically_countable"
"no_phon","core","semantically_uncountable"
"no_phon","core","semantically_singular"
"no_phon","core","semantically_plural"
"no_phon","core","distributive"
"no_phon","core","joint"
"no_phon","core","cardinal"
"no_phon","core","disjunctive"
"no_phon","core","degree"
"no_phon","core","sufficiency"
"no_phon","core","temporal"
"no_phon","core","locative"
"no_phon","core","dummy"
"no_phon","core","can_be_followed_by_adjective_such"
"no_phon","core","can_be_modified_by_almost"
"no_phon","core","can_be_modified_by_approximately"
"no_phon","core","can_be_modified_by_at_least"
"no_phon","core","can_be_modified_by_hardly"
"no_phon","core","can_be_modified_by_not"
"no_phon","core","can_be_modified_by_adverb_very"
"no_phon","core","Coordinates_with_independent_genitives"
"no_phon","core","Coordinates_with_dependent_genitives"
"no_phon","core","Coordinates_with_NPs"
"no_phon","core","intensifying_reduplication"
"no_phon","core","selects_singular_heads"
"no_phon","core","selects_count_singular_heads"
"no_phon","core","selects_non_count_heads"
"no_phon","core","selects_plural_heads"
"no_phon","core","compatible_count_sing_NP"
"no_phon","core","compatible_count_plur_NP"
"no_phon","core","compatible_non_count_NP"
"no_phon","core","Forms_universal_pronouns_before_all"
"no_phon","core","functions_as_a_predeterminer_modifier"
"no_phon","core","functions_as_prehead_modifier_in_nominal"
"no_phon","core","functions_as_degree_modifier_in_AdjP"
"no_phon","core","functions_as_predicative_complement"
"no_phon","core","functions_as_predicative_complement_to_seem"
"no_phon","core","functions_as_marker_of_coordination"
"no_phon","core","functions_as_fused_determiner_head"
"no_phon","core","functions_as_head_of_partitive_construction"
"no_phon","core","functions_as_adjunct_in_clause_structure"
"no_phon","core","functions_as_attrib_modifier_in_nominal"
"no_phon","core","appears_in_subject"
"no_phon","core","appears_in_object"
"no_phon","core","functions_as_post_head_modifier_of_it_or_them"
"no_phon","core","functions_as_post_head_modifier_of_N"
"no_phon","core","appears_in_existentials_there_s_on_the_table"
"no_phon","core","functions_as_determiner_in_day_s_time_ago"
"no_phon","core","functions_as_subject_of_present_participal_of_joining_you"
"no_phon","core","Functions_as_subject_of_interrogative_tag"
"no_phon","core","functions_as_subject_determiner"
"no_phon","core","functions_in_vocative"
"no_phon","core","May_coordinate_with_non_fused_determiners"
"no_phon","core","must_be_outranked_by_a_coindexed_element"
"no_phon","core","takes_predeterminer_modifiers_all_or_both"
"no_phon","core","occurs_after_predeterminer_modifiers_fractions"
"no_phon","core","occurs_after_predeterminer_modifiers_multipliers"
"no_phon","core","ironic_use_of_repetition"
"no_phon","core","take_poor_lucky_silly_as_attrib_modifiers"
"no_phon","core","takes_adverb_quite_as_a_modifier"
"no_phon","core","takes_else_or_more_as_a_post_head_dependent"
"no_phon","core","accepts_genitive_apstrophe_s"
"no_phon","core","takes_post_head_modifier_the_hell"
"no_sem","core","a"
"no_sem","core","another"
"no_sem","core","any"
"no_sem","core","body"
"no_sem","core","certain"
"no_sem","core","day"
"no_sem","core","each"
"no_sem","core","each_other"
"no_sem","core","either"
"no_sem","core","ever"
"no_sem","core","every"
"no_sem","core","few"
"no_sem","core","her"
"no_sem","core","him"
"no_sem","core","it"
"no_sem","core","its"
"no_sem","core","little"
"no_sem","core","many"
"no_sem","core","many_a"
"no_sem","core","my"
"no_sem","core","no"
"no_sem","core","no_one"
"no_sem","core","one"
"no_sem","core","one_s"
"no_sem","core","other"
"no_sem","core","our"
"no_sem","core","ours"
"no_sem","core","self"
"no_sem","core","some"
"no_sem","core","their"
"no_sem","core","theirs"
"no_sem","core","them"
"no_sem","core","they"
"no_sem","core","thing"
"no_sem","core","to"
"no_sem","core","us"
"no_sem","core","we"
"no_sem","core","what"
"no_sem","core","whatever"
"no_sem","core","where"
"no_sem","core","which"
"no_sem","core","whichever"
"no_sem","core","who"
"no_sem","core","whoever"
"no_sem","core","whom"
"no_sem","core","whose"
"no_sem","core","whosoever"
"no_sem","core","you"
"no_sem","core","your"
"no_sem","core","yours"
"no_sem","core","genitive_case"
"no_sem","core","accusative_case"
"no_sem","core","nominative_case"
"no_sem","core","in_word_formation_e_g_a_many_sided_shape"
"no_sem","core","has_derivationtionally_related_words"
"no_sem","core","has_corresponding_word"
"no_sem","core","compound_word"
"no_sem","core","inflects_for_case"
"no_sem","core","paradigm_has_distinct_acc_form"
"no_sem","core","paradigm_has_genitive_form"
"no_sem","core","paradigm_has_distinct_independent_genitive_form"
"no_sem","core","paradigm_has_distinct_self_form"
"no_sem","core","paradigm_has_comparative_and_superlative_forms"
"no_sem","core","paradigm_has_distinct_plural_form"
"no_sem","core","does_not_inflect"
"no_sem","core","Monmorphemic"
"no_sem","core","Must_be_stressed_as_object_after_particle"
"no_sem","core","Start_with_th"
"no_sem","core","Start_with_hw"
"no_sem","core","can_be_followed_by_adjective_such"
"no_sem","core","can_be_modified_by_almost"
"no_sem","core","can_be_modified_by_approximately"
"no_sem","core","can_be_modified_by_at_least"
"no_sem","core","can_be_modified_by_hardly"
"no_sem","core","can_be_modified_by_not"
"no_sem","core","can_be_modified_by_adverb_very"
"no_sem","core","Coordinates_with_independent_genitives"
"no_sem","core","Coordinates_with_dependent_genitives"
"no_sem","core","Coordinates_with_NPs"
"no_sem","core","intensifying_reduplication"
"no_sem","core","selects_singular_heads"
"no_sem","core","selects_count_singular_heads"
"no_sem","core","selects_non_count_heads"
"no_sem","core","selects_plural_heads"
"no_sem","core","compatible_count_sing_NP"
"no_sem","core","compatible_count_plur_NP"
"no_sem","core","compatible_non_count_NP"
"no_sem","core","Forms_universal_pronouns_before_all"
"no_sem","core","functions_as_a_predeterminer_modifier"
"no_sem","core","functions_as_prehead_modifier_in_nominal"
"no_sem","core","functions_as_degree_modifier_in_AdjP"
"no_sem","core","functions_as_predicative_complement"
"no_sem","core","functions_as_predicative_complement_to_seem"
"no_sem","core","functions_as_marker_of_coordination"
"no_sem","core","functions_as_fused_determiner_head"
"no_sem","core","functions_as_head_of_partitive_construction"
"no_sem","core","functions_as_adjunct_in_clause_structure"
"no_sem","core","functions_as_attrib_modifier_in_nominal"
"no_sem","core","appears_in_subject"
"no_sem","core","appears_in_object"
"no_sem","core","functions_as_post_head_modifier_of_it_or_them"
"no_sem","core","functions_as_post_head_modifier_of_N"
"no_sem","core","appears_in_existentials_there_s_on_the_table"
"no_sem","core","functions_as_determiner_in_day_s_time_ago"
"no_sem","core","functions_as_subject_of_present_participal_of_joining_you"
"no_sem","core","Functions_as_subject_of_interrogative_tag"
"no_sem","core","functions_as_subject_determiner"
"no_sem","core","functions_in_vocative"
"no_sem","core","May_coordinate_with_non_fused_determiners"
"no_sem","core","must_be_outranked_by_a_coindexed_element"
"no_sem","core","takes_predeterminer_modifiers_all_or_both"
"no_sem","core","occurs_after_predeterminer_modifiers_fractions"
"no_sem","core","occurs_after_predeterminer_modifiers_multipliers"
"no_sem","core","ironic_use_of_repetition"
"no_sem","core","take_poor_lucky_silly_as_attrib_modifiers"
"no_sem","core","takes_adverb_quite_as_a_modifier"
"no_sem","core","takes_else_or_more_as_a_post_head_dependent"
"no_sem","core","accepts_genitive_apstrophe_s"
"no_sem","core","takes_post_head_modifier_the_hell"
"no_synt","core","a"
"no_synt","core","another"
"no_synt","core","any"
"no_synt","core","body"
"no_synt","core","certain"
"no_synt","core","day"
"no_synt","core","each"
"no_synt","core","each_other"
"no_synt","core","either"
"no_synt","core","ever"
"no_synt","core","every"
"no_synt","core","few"
"no_synt","core","her"
"no_synt","core","him"
"no_synt","core","it"
"no_synt","core","its"
"no_synt","core","little"
"no_synt","core","many"
"no_synt","core","many_a"
"no_synt","core","my"
"no_synt","core","no"
"no_synt","core","no_one"
"no_synt","core","one"
"no_synt","core","one_s"
"no_synt","core","other"
"no_synt","core","our"
"no_synt","core","ours"
"no_synt","core","self"
"no_synt","core","some"
"no_synt","core","their"
"no_synt","core","theirs"
"no_synt","core","them"
"no_synt","core","they"
"no_synt","core","thing"
"no_synt","core","to"
"no_synt","core","us"
"no_synt","core","we"
"no_synt","core","what"
"no_synt","core","whatever"
"no_synt","core","where"
"no_synt","core","which"
"no_synt","core","whichever"
"no_synt","core","who"
"no_synt","core","whoever"
"no_synt","core","whom"
"no_synt","core","whose"
"no_synt","core","whosoever"
"no_synt","core","you"
"no_synt","core","your"
"no_synt","core","yours"
"no_synt","core","genitive_case"
"no_synt","core","accusative_case"
"no_synt","core","nominative_case"
"no_synt","core","in_word_formation_e_g_a_many_sided_shape"
"no_synt","core","has_derivationtionally_related_words"
"no_synt","core","has_corresponding_word"
"no_synt","core","compound_word"
"no_synt","core","inflects_for_case"
"no_synt","core","paradigm_has_distinct_acc_form"
"no_synt","core","paradigm_has_genitive_form"
"no_synt","core","paradigm_has_distinct_independent_genitive_form"
"no_synt","core","paradigm_has_distinct_self_form"
"no_synt","core","paradigm_has_comparative_and_superlative_forms"
"no_synt","core","paradigm_has_distinct_plural_form"
"no_synt","core","does_not_inflect"
"no_synt","core","Monmorphemic"
"no_synt","core","Must_be_stressed_as_object_after_particle"
"no_synt","core","Start_with_th"
"no_synt","core","Start_with_hw"
"no_synt","core","anaphoric_marker"
"no_synt","core","deictic_marker"
"no_synt","core","person_deixis"
"no_synt","core","pro_form"
"no_synt","core","personal_gender_as_head_or_fused_head"
"no_synt","core","non_personal_gender"
"no_synt","core","epicene_personal_gender"
"no_synt","core","masculine_gender"
"no_synt","core","feminine_gender"
"no_synt","core","definite"
"no_synt","core","indefinite"
"no_synt","core","existential"
"no_synt","core","universal"
"no_synt","core","free_choice"
"no_synt","core","negative"
"no_synt","core","interrogative"
"no_synt","core","non_affirmative"
"no_synt","core","reflexive"
"no_synt","core","reciprocal"
"no_synt","core","dual"
"no_synt","core","paucal"
"no_synt","core","multal"
"no_synt","core","proportional"
"no_synt","core","semantically_countable"
"no_synt","core","semantically_uncountable"
"no_synt","core","semantically_singular"
"no_synt","core","semantically_plural"
"no_synt","core","distributive"
"no_synt","core","joint"
"no_synt","core","cardinal"
"no_synt","core","disjunctive"
"no_synt","core","degree"
"no_synt","core","sufficiency"
"no_synt","core","temporal"
"no_synt","core","locative"
"no_synt","core","dummy"
"morph_only","domain_diagnostic","a"
"morph_only","domain_diagnostic","another"
"morph_only","domain_diagnostic","any"
"morph_only","domain_diagnostic","body"
"morph_only","domain_diagnostic","certain"
"morph_only","domain_diagnostic","day"
"morph_only","domain_diagnostic","each"
"morph_only","domain_diagnostic","each_other"
"morph_only","domain_diagnostic","either"
"morph_only","domain_diagnostic","ever"
"morph_only","domain_diagnostic","every"
"morph_only","domain_diagnostic","few"
"morph_only","domain_diagnostic","her"
"morph_only","domain_diagnostic","him"
"morph_only","domain_diagnostic","it"
"morph_only","domain_diagnostic","its"
"morph_only","domain_diagnostic","little"
"morph_only","domain_diagnostic","many"
"morph_only","domain_diagnostic","many_a"
"morph_only","domain_diagnostic","my"
"morph_only","domain_diagnostic","no"
"morph_only","domain_diagnostic","no_one"
"morph_only","domain_diagnostic","one"
"morph_only","domain_diagnostic","one_s"
"morph_only","domain_diagnostic","other"
"morph_only","domain_diagnostic","our"
"morph_only","domain_diagnostic","ours"
"morph_only","domain_diagnostic","self"
"morph_only","domain_diagnostic","some"
"morph_only","domain_diagnostic","their"
"morph_only","domain_diagnostic","theirs"
"morph_only","domain_diagnostic","them"
"morph_only","domain_diagnostic","they"
"morph_only","domain_diagnostic","thing"
"morph_only","domain_diagnostic","to"
"morph_only","domain_diagnostic","us"
"morph_only","domain_diagnostic","we"
"morph_only","domain_diagnostic","what"
"morph_only","domain_diagnostic","whatever"
"morph_only","domain_diagnostic","where"
"morph_only","domain_diagnostic","which"
"morph_only","domain_diagnostic","whichever"
"morph_only","domain_diagnostic","who"
"morph_only","domain_diagnostic","whoever"
"morph_only","domain_diagnostic","whom"
"morph_only","domain_diagnostic","whose"
"morph_only","domain_diagnostic","whosoever"
"morph_only","domain_diagnostic","you"
"morph_only","domain_diagnostic","your"
"morph_only","domain_diagnostic","yours"
"morph_only","domain_diagnostic","genitive_case"
"morph_only","domain_diagnostic","accusative_case"
"morph_only","domain_diagnostic","nominative_case"
"morph_only","domain_diagnostic","in_word_formation_e_g_a_many_sided_shape"
"morph_only","domain_diagnostic","has_derivationtionally_related_words"
"morph_only","domain_diagnostic","has_corresponding_word"
"morph_only","domain_diagnostic","compound_word"
"morph_only","domain_diagnostic","inflects_for_case"
"morph_only","domain_diagnostic","paradigm_has_distinct_acc_form"
"morph_only","domain_diagnostic","paradigm_has_genitive_form"
"morph_only","domain_diagnostic","paradigm_has_distinct_independent_genitive_form"
"morph_only","domain_diagnostic","paradigm_has_distinct_self_form"
"morph_only","domain_diagnostic","paradigm_has_comparative_and_superlative_forms"
"morph_only","domain_diagnostic","paradigm_has_distinct_plural_form"
"morph_only","domain_diagnostic","does_not_inflect"
"morph_only","domain_diagnostic","Monmorphemic"
"morph_without_components","domain_diagnostic","genitive_case"
"morph_without_components","domain_diagnostic","accusative_case"
"morph_without_components","domain_diagnostic","nominative_case"
"morph_without_components","domain_diagnostic","in_word_formation_e_g_a_many_sided_shape"
"morph_without_components","domain_diagnostic","has_derivationtionally_related_words"
"morph_without_components","domain_diagnostic","has_corresponding_word"
"morph_without_components","domain_diagnostic","compound_word"
"morph_without_components","domain_diagnostic","inflects_for_case"
"morph_without_components","domain_diagnostic","paradigm_has_distinct_acc_form"
"morph_without_components","domain_diagnostic","paradigm_has_genitive_form"
"morph_without_components","domain_diagnostic","paradigm_has_distinct_independent_genitive_form"
"morph_without_components","domain_diagnostic","paradigm_has_distinct_self_form"
"morph_without_components","domain_diagnostic","paradigm_has_comparative_and_superlative_forms"
"morph_without_components","domain_diagnostic","paradigm_has_distinct_plural_form"
"morph_without_components","domain_diagnostic","does_not_inflect"
"morph_without_components","domain_diagnostic","Monmorphemic"
"phon_only","domain_diagnostic","Must_be_stressed_as_object_after_particle"
"phon_only","domain_diagnostic","Start_with_th"
"phon_only","domain_diagnostic","Start_with_hw"
"sem_only","domain_diagnostic","anaphoric_marker"
"sem_only","domain_diagnostic","deictic_marker"
"sem_only","domain_diagnostic","person_deixis"
"sem_only","domain_diagnostic","pro_form"
"sem_only","domain_diagnostic","personal_gender_as_head_or_fused_head"
"sem_only","domain_diagnostic","non_personal_gender"
"sem_only","domain_diagnostic","epicene_personal_gender"
"sem_only","domain_diagnostic","masculine_gender"
"sem_only","domain_diagnostic","feminine_gender"
"sem_only","domain_diagnostic","definite"
"sem_only","domain_diagnostic","indefinite"
"sem_only","domain_diagnostic","existential"
"sem_only","domain_diagnostic","universal"
"sem_only","domain_diagnostic","free_choice"
"sem_only","domain_diagnostic","negative"
"sem_only","domain_diagnostic","interrogative"
"sem_only","domain_diagnostic","non_affirmative"
"sem_only","domain_diagnostic","reflexive"
"sem_only","domain_diagnostic","reciprocal"
"sem_only","domain_diagnostic","dual"
"sem_only","domain_diagnostic","paucal"
"sem_only","domain_diagnostic","multal"
"sem_only","domain_diagnostic","proportional"
"sem_only","domain_diagnostic","semantically_countable"
"sem_only","domain_diagnostic","semantically_uncountable"
"sem_only","domain_diagnostic","semantically_singular"
"sem_only","domain_diagnostic","semantically_plural"
"sem_only","domain_diagnostic","distributive"
"sem_only","domain_diagnostic","joint"
"sem_only","domain_diagnostic","cardinal"
"sem_only","domain_diagnostic","disjunctive"
"sem_only","domain_diagnostic","degree"
"sem_only","domain_diagnostic","sufficiency"
"sem_only","domain_diagnostic","temporal"
"sem_only","domain_diagnostic","locative"
"sem_only","domain_diagnostic","dummy"
"synt_only","domain_diagnostic","can_be_followed_by_adjective_such"
"synt_only","domain_diagnostic","can_be_modified_by_almost"
"synt_only","domain_diagnostic","can_be_modified_by_approximately"
"synt_only","domain_diagnostic","can_be_modified_by_at_least"
"synt_only","domain_diagnostic","can_be_modified_by_hardly"
"synt_only","domain_diagnostic","can_be_modified_by_not"
"synt_only","domain_diagnostic","can_be_modified_by_adverb_very"
"synt_only","domain_diagnostic","Coordinates_with_independent_genitives"
"synt_only","domain_diagnostic","Coordinates_with_dependent_genitives"
"synt_only","domain_diagnostic","Coordinates_with_NPs"
"synt_only","domain_diagnostic","intensifying_reduplication"
"synt_only","domain_diagnostic","selects_singular_heads"
"synt_only","domain_diagnostic","selects_count_singular_heads"
"synt_only","domain_diagnostic","selects_non_count_heads"
"synt_only","domain_diagnostic","selects_plural_heads"
"synt_only","domain_diagnostic","compatible_count_sing_NP"
"synt_only","domain_diagnostic","compatible_count_plur_NP"
"synt_only","domain_diagnostic","compatible_non_count_NP"
"synt_only","domain_diagnostic","Forms_universal_pronouns_before_all"
"synt_only","domain_diagnostic","functions_as_a_predeterminer_modifier"
"synt_only","domain_diagnostic","functions_as_prehead_modifier_in_nominal"
"synt_only","domain_diagnostic","functions_as_degree_modifier_in_AdjP"
"synt_only","domain_diagnostic","functions_as_predicative_complement"
"synt_only","domain_diagnostic","functions_as_predicative_complement_to_seem"
"synt_only","domain_diagnostic","functions_as_marker_of_coordination"
"synt_only","domain_diagnostic","functions_as_fused_determiner_head"
"synt_only","domain_diagnostic","functions_as_head_of_partitive_construction"
"synt_only","domain_diagnostic","functions_as_adjunct_in_clause_structure"
"synt_only","domain_diagnostic","functions_as_attrib_modifier_in_nominal"
"synt_only","domain_diagnostic","appears_in_subject"
"synt_only","domain_diagnostic","appears_in_object"
"synt_only","domain_diagnostic","functions_as_post_head_modifier_of_it_or_them"
"synt_only","domain_diagnostic","functions_as_post_head_modifier_of_N"
"synt_only","domain_diagnostic","appears_in_existentials_there_s_on_the_table"
"synt_only","domain_diagnostic","functions_as_determiner_in_day_s_time_ago"
"synt_only","domain_diagnostic","functions_as_subject_of_present_participal_of_joining_you"
"synt_only","domain_diagnostic","Functions_as_subject_of_interrogative_tag"
"synt_only","domain_diagnostic","functions_as_subject_determiner"
"synt_only","domain_diagnostic","functions_in_vocative"
"synt_only","domain_diagnostic","May_coordinate_with_non_fused_determiners"
"synt_only","domain_diagnostic","must_be_outranked_by_a_coindexed_element"
"synt_only","domain_diagnostic","takes_predeterminer_modifiers_all_or_both"
"synt_only","domain_diagnostic","occurs_after_predeterminer_modifiers_fractions"
"synt_only","domain_diagnostic","occurs_after_predeterminer_modifiers_multipliers"
"synt_only","domain_diagnostic","ironic_use_of_repetition"
"synt_only","domain_diagnostic","take_poor_lucky_silly_as_attrib_modifiers"
"synt_only","domain_diagnostic","takes_adverb_quite_as_a_modifier"
"synt_only","domain_diagnostic","takes_else_or_more_as_a_post_head_dependent"
"synt_only","domain_diagnostic","accepts_genitive_apstrophe_s"
"synt_only","domain_diagnostic","takes_post_head_modifier_the_hell"
"synt_without_four_labels","domain_diagnostic","can_be_followed_by_adjective_such"
"synt_without_four_labels","domain_diagnostic","can_be_modified_by_almost"
"synt_without_four_labels","domain_diagnostic","can_be_modified_by_approximately"
"synt_without_four_labels","domain_diagnostic","can_be_modified_by_at_least"
"synt_without_four_labels","domain_diagnostic","can_be_modified_by_hardly"
"synt_without_four_labels","domain_diagnostic","can_be_modified_by_not"
"synt_without_four_labels","domain_diagnostic","can_be_modified_by_adverb_very"
"synt_without_four_labels","domain_diagnostic","Coordinates_with_independent_genitives"
"synt_without_four_labels","domain_diagnostic","Coordinates_with_dependent_genitives"
"synt_without_four_labels","domain_diagnostic","Coordinates_with_NPs"
"synt_without_four_labels","domain_diagnostic","intensifying_reduplication"
"synt_without_four_labels","domain_diagnostic","selects_singular_heads"
"synt_without_four_labels","domain_diagnostic","selects_count_singular_heads"
"synt_without_four_labels","domain_diagnostic","selects_non_count_heads"
"synt_without_four_labels","domain_diagnostic","selects_plural_heads"
"synt_without_four_labels","domain_diagnostic","compatible_count_sing_NP"
"synt_without_four_labels","domain_diagnostic","compatible_count_plur_NP"
"synt_without_four_labels","domain_diagnostic","compatible_non_count_NP"
"synt_without_four_labels","domain_diagnostic","Forms_universal_pronouns_before_all"
"synt_without_four_labels","domain_diagnostic","functions_as_a_predeterminer_modifier"
"synt_without_four_labels","domain_diagnostic","functions_as_prehead_modifier_in_nominal"
"synt_without_four_labels","domain_diagnostic","functions_as_degree_modifier_in_AdjP"
"synt_without_four_labels","domain_diagnostic","functions_as_predicative_complement"
"synt_without_four_labels","domain_diagnostic","functions_as_predicative_complement_to_seem"
"synt_without_four_labels","domain_diagnostic","functions_as_marker_of_coordination"
"synt_without_four_labels","domain_diagnostic","functions_as_adjunct_in_clause_structure"
"synt_without_four_labels","domain_diagnostic","functions_as_attrib_modifier_in_nominal"
"synt_without_four_labels","domain_diagnostic","appears_in_subject"
"synt_without_four_labels","domain_diagnostic","appears_in_object"
"synt_without_four_labels","domain_diagnostic","functions_as_post_head_modifier_of_it_or_them"
"synt_without_four_labels","domain_diagnostic","functions_as_post_head_modifier_of_N"
"synt_without_four_labels","domain_diagnostic","appears_in_existentials_there_s_on_the_table"
"synt_without_four_labels","domain_diagnostic","functions_as_determiner_in_day_s_time_ago"
"synt_without_four_labels","domain_diagnostic","functions_as_subject_of_present_participal_of_joining_you"
"synt_without_four_labels","domain_diagnostic","Functions_as_subject_of_interrogative_tag"
"synt_without_four_labels","domain_diagnostic","functions_in_vocative"
"synt_without_four_labels","domain_diagnostic","must_be_outranked_by_a_coindexed_element"
"synt_without_four_labels","domain_diagnostic","takes_predeterminer_modifiers_all_or_both"
"synt_without_four_labels","domain_diagnostic","occurs_after_predeterminer_modifiers_fractions"
"synt_without_four_labels","domain_diagnostic","occurs_after_predeterminer_modifiers_multipliers"
"synt_without_four_labels","domain_diagnostic","ironic_use_of_repetition"
"synt_without_four_labels","domain_diagnostic","take_poor_lucky_silly_as_attrib_modifiers"
"synt_without_four_labels","domain_diagnostic","takes_adverb_quite_as_a_modifier"
"synt_without_four_labels","domain_diagnostic","takes_else_or_more_as_a_post_head_dependent"
"synt_without_four_labels","domain_diagnostic","accepts_genitive_apstrophe_s"
"synt_without_four_labels","domain_diagnostic","takes_post_head_modifier_the_hell"
