"feature","block","word_component","explicit_analysis_label","present_count","profile_id"
"a","morph",TRUE,FALSE,8,1
"another","morph",TRUE,FALSE,3,2
"any","morph",TRUE,FALSE,5,3
"body","morph",TRUE,FALSE,4,4
"certain","morph",TRUE,FALSE,2,5
"day","morph",TRUE,FALSE,2,6
"each","morph",TRUE,FALSE,2,7
"each_other","morph",TRUE,FALSE,1,8
"either","morph",TRUE,FALSE,2,9
"ever","morph",TRUE,FALSE,14,10
"every","morph",TRUE,FALSE,5,11
"few","morph",TRUE,FALSE,4,12
"her","morph",TRUE,FALSE,4,13
"him","morph",TRUE,FALSE,2,14
"it","morph",TRUE,FALSE,4,15
"its","morph",TRUE,FALSE,2,16
"little","morph",TRUE,FALSE,2,17
"many","morph",TRUE,FALSE,2,18
"many_a","morph",TRUE,FALSE,2,19
"my","morph",TRUE,FALSE,2,20
"no","morph",TRUE,FALSE,6,21
"no_one","morph",TRUE,FALSE,2,22
"one","morph",TRUE,FALSE,11,23
"one_s","morph",TRUE,FALSE,2,24
"other","morph",TRUE,FALSE,3,25
"our","morph",TRUE,FALSE,3,26
"ours","morph",TRUE,FALSE,2,27
"self","morph",TRUE,FALSE,10,28
"some","morph",TRUE,FALSE,6,29
"their","morph",TRUE,FALSE,4,30
"theirs","morph",TRUE,FALSE,2,31
"them","morph",TRUE,FALSE,4,32
"they","morph",TRUE,FALSE,2,33
"thing","morph",TRUE,FALSE,4,34
"to","morph",TRUE,FALSE,3,35
"us","morph",TRUE,FALSE,2,36
"we","morph",TRUE,FALSE,2,37
"what","morph",TRUE,FALSE,5,38
"whatever","morph",TRUE,FALSE,2,39
"where","morph",TRUE,FALSE,4,40
"which","morph",TRUE,FALSE,5,41
"whichever","morph",TRUE,FALSE,2,42
"who","morph",TRUE,FALSE,11,43
"whoever","morph",TRUE,FALSE,2,44
"whom","morph",TRUE,FALSE,2,45
"whose","morph",TRUE,FALSE,2,46
"whosoever","morph",TRUE,FALSE,2,47
"you","morph",TRUE,FALSE,9,48
"your","morph",TRUE,FALSE,6,49
"yours","morph",TRUE,FALSE,2,50
"genitive_case","morph",FALSE,FALSE,22,51
"accusative_case","morph",FALSE,FALSE,11,52
"nominative_case","morph",FALSE,FALSE,11,53
"in_word_formation_e_g_a_many_sided_shape","morph",FALSE,FALSE,29,54
"has_derivationtionally_related_words","morph",FALSE,FALSE,79,55
"has_corresponding_word","morph",FALSE,FALSE,38,56
"compound_word","morph",FALSE,FALSE,48,57
"inflects_for_case","morph",FALSE,FALSE,75,58
"paradigm_has_distinct_acc_form","morph",FALSE,FALSE,41,59
"paradigm_has_genitive_form","morph",FALSE,FALSE,52,60
"paradigm_has_distinct_independent_genitive_form","morph",FALSE,FALSE,33,61
"paradigm_has_distinct_self_form","morph",FALSE,FALSE,43,62
"paradigm_has_comparative_and_superlative_forms","morph",FALSE,FALSE,10,63
"paradigm_has_distinct_plural_form","morph",FALSE,FALSE,22,64
"does_not_inflect","morph",FALSE,FALSE,62,65
"Monmorphemic","morph",FALSE,FALSE,70,66
"Must_be_stressed_as_object_after_particle","phon",FALSE,FALSE,40,67
"Start_with_th","phon",FALSE,FALSE,17,68
"Start_with_hw","phon",FALSE,FALSE,9,69
"anaphoric_marker","sem",FALSE,FALSE,89,70
"deictic_marker","sem",FALSE,FALSE,35,71
"person_deixis","sem",FALSE,FALSE,30,72
"pro_form","sem",FALSE,FALSE,64,73
"personal_gender_as_head_or_fused_head","sem",FALSE,FALSE,55,74
"non_personal_gender","sem",FALSE,FALSE,32,75
"epicene_personal_gender","sem",FALSE,FALSE,42,76
"masculine_gender","sem",FALSE,FALSE,4,77
"feminine_gender","sem",FALSE,FALSE,5,78
"definite","sem",FALSE,FALSE,71,79
"indefinite","sem",FALSE,FALSE,72,80
"existential","sem",FALSE,FALSE,116,81
"universal","sem",FALSE,FALSE,8,82
"free_choice","sem",FALSE,FALSE,23,83
"negative","sem",FALSE,FALSE,13,84
"interrogative","sem",FALSE,FALSE,16,85
"non_affirmative","sem",FALSE,FALSE,23,86
"reflexive","sem",FALSE,FALSE,9,87
"reciprocal","sem",FALSE,FALSE,2,88
"dual","sem",FALSE,FALSE,5,89
"paucal","sem",FALSE,FALSE,12,90
"multal","sem",FALSE,FALSE,4,91
"proportional","sem",FALSE,FALSE,39,92
"semantically_countable","sem",FALSE,FALSE,106,93
"semantically_uncountable","sem",FALSE,FALSE,40,94
"semantically_singular","sem",FALSE,FALSE,84,95
"semantically_plural","sem",FALSE,FALSE,70,96
"distributive","sem",FALSE,FALSE,73,97
"joint","sem",FALSE,FALSE,69,98
"cardinal","sem",FALSE,FALSE,4,99
"disjunctive","sem",FALSE,FALSE,2,9
"degree","sem",FALSE,FALSE,10,63
"sufficiency","sem",FALSE,FALSE,2,100
"temporal","sem",FALSE,FALSE,9,101
"locative","sem",FALSE,FALSE,4,40
"dummy","sem",FALSE,FALSE,2,102
"can_be_followed_by_adjective_such","synt",FALSE,FALSE,32,103
"can_be_modified_by_almost","synt",FALSE,FALSE,46,104
"can_be_modified_by_approximately","synt",FALSE,FALSE,16,105
"can_be_modified_by_at_least","synt",FALSE,FALSE,63,106
"can_be_modified_by_hardly","synt",FALSE,FALSE,30,107
"can_be_modified_by_not","synt",FALSE,FALSE,35,108
"can_be_modified_by_adverb_very","synt",FALSE,FALSE,4,109
"Coordinates_with_independent_genitives","synt",FALSE,FALSE,51,110
"Coordinates_with_dependent_genitives","synt",FALSE,FALSE,12,111
"Coordinates_with_NPs","synt",FALSE,FALSE,106,112
"intensifying_reduplication","synt",FALSE,FALSE,3,113
"selects_singular_heads","synt",FALSE,FALSE,20,114
"selects_count_singular_heads","synt",FALSE,FALSE,20,115
"selects_non_count_heads","synt",FALSE,FALSE,13,116
"selects_plural_heads","synt",FALSE,FALSE,26,117
"compatible_count_sing_NP","synt",FALSE,FALSE,55,118
"compatible_count_plur_NP","synt",FALSE,FALSE,52,119
"compatible_non_count_NP","synt",FALSE,FALSE,40,120
"Forms_universal_pronouns_before_all","synt",FALSE,FALSE,5,121
"functions_as_a_predeterminer_modifier","synt",FALSE,FALSE,6,122
"functions_as_prehead_modifier_in_nominal","synt",FALSE,FALSE,13,123
"functions_as_degree_modifier_in_AdjP","synt",FALSE,FALSE,14,124
"functions_as_predicative_complement","synt",FALSE,FALSE,86,125
"functions_as_predicative_complement_to_seem","synt",FALSE,FALSE,17,126
"functions_as_marker_of_coordination","synt",FALSE,FALSE,2,127
"functions_as_fused_determiner_head","synt",FALSE,TRUE,55,128
"functions_as_head_of_partitive_construction","synt",FALSE,TRUE,37,129
"functions_as_adjunct_in_clause_structure","synt",FALSE,FALSE,38,130
"functions_as_attrib_modifier_in_nominal","synt",FALSE,FALSE,20,131
"appears_in_subject","synt",FALSE,FALSE,115,132
"appears_in_object","synt",FALSE,FALSE,119,133
"functions_as_post_head_modifier_of_it_or_them","synt",FALSE,FALSE,3,134
"functions_as_post_head_modifier_of_N","synt",FALSE,FALSE,4,135
"appears_in_existentials_there_s_on_the_table","synt",FALSE,FALSE,39,136
"functions_as_determiner_in_day_s_time_ago","synt",FALSE,FALSE,15,137
"functions_as_subject_of_present_participal_of_joining_you","synt",FALSE,FALSE,90,138
"Functions_as_subject_of_interrogative_tag","synt",FALSE,FALSE,11,139
"functions_as_subject_determiner","synt",FALSE,TRUE,12,140
"functions_in_vocative","synt",FALSE,FALSE,11,141
"May_coordinate_with_non_fused_determiners","synt",FALSE,TRUE,33,142
"must_be_outranked_by_a_coindexed_element","synt",FALSE,FALSE,12,143
"takes_predeterminer_modifiers_all_or_both","synt",FALSE,FALSE,28,144
"occurs_after_predeterminer_modifiers_fractions","synt",FALSE,FALSE,48,145
"occurs_after_predeterminer_modifiers_multipliers","synt",FALSE,FALSE,48,146
"ironic_use_of_repetition","synt",FALSE,FALSE,15,147
"take_poor_lucky_silly_as_attrib_modifiers","synt",FALSE,FALSE,7,148
"takes_adverb_quite_as_a_modifier","synt",FALSE,FALSE,48,149
"takes_else_or_more_as_a_post_head_dependent","synt",FALSE,FALSE,30,150
"accepts_genitive_apstrophe_s","synt",FALSE,FALSE,24,151
"takes_post_head_modifier_the_hell","synt",FALSE,FALSE,5,152
